date,product,value,yoy
2015-01-01,All-items,124.3,
2015-02-01,All-items,125.4,
2015-03-01,All-items,126.3,
2015-04-01,All-items,126.2,
2015-05-01,All-items,126.9,
2015-06-01,All-items,127.2,
2015-07-01,All-items,127.3,
2015-08-01,All-items,127.3,
2015-09-01,All-items,127.1,
2015-10-01,All-items,127.2,
2015-11-01,All-items,127.1,
2015-12-01,All-items,126.5,
2016-01-01,All-items,126.8,2.011263073209979
2016-02-01,All-items,127.1,1.3556618819776656
2016-03-01,All-items,127.9,1.2668250197941378
2016-04-01,All-items,128.3,1.6640253565768592
2016-05-01,All-items,128.8,1.497241922773851
2016-06-01,All-items,129.1,1.4937106918238907
2016-07-01,All-items,128.9,1.256873527101332
2016-08-01,All-items,128.7,1.09976433621366
2016-09-01,All-items,128.8,1.337529504327306
2016-10-01,All-items,129.1,1.4937106918238907
2016-11-01,All-items,128.6,1.1801730920534936
2016-12-01,All-items,128.4,1.5019762845849938
2017-01-01,All-items,129.5,2.1293375394321856
2017-02-01,All-items,129.7,2.0456333595594067
2017-03-01,All-items,129.9,1.5637216575449475
2017-04-01,All-items,130.4,1.636788776305531
2017-05-01,All-items,130.5,1.3198757763975166
2017-06-01,All-items,130.4,1.0069713400464808
2017-07-01,All-items,130.4,1.1636927851047307
2017-08-01,All-items,130.5,1.3986013986014179
2017-09-01,All-items,130.8,1.552795031055898
2017-10-01,All-items,130.9,1.3942680092951187
2017-11-01,All-items,131.3,2.0995334370140117
2017-12-01,All-items,130.8,1.869158878504673
2018-01-01,All-items,131.7,1.698841698841691
2018-02-01,All-items,132.5,2.1588280647648617
2018-03-01,All-items,132.9,2.3094688221708903
2018-04-01,All-items,133.3,2.223926380368102
2018-05-01,All-items,133.4,2.2222222222222365
2018-06-01,All-items,133.6,2.4539877300613355
2018-07-01,All-items,134.3,2.9907975460122804
2018-08-01,All-items,134.2,2.8352490421455823
2018-09-01,All-items,133.7,2.2171253822629744
2018-10-01,All-items,134.1,2.444614209320073
2018-11-01,All-items,133.5,1.6755521706016685
2018-12-01,All-items,133.4,1.9877675840978437
2019-01-01,All-items,133.6,1.4426727410782103
2019-02-01,All-items,134.5,1.5094339622641506
2019-03-01,All-items,135.4,1.8811136192625977
2019-04-01,All-items,136.0,2.025506376594133
2019-05-01,All-items,136.6,2.398800599700146
2019-06-01,All-items,136.3,2.020958083832358
2019-07-01,All-items,137.0,2.010424422933732
2019-08-01,All-items,136.8,1.9374068554396606
2019-09-01,All-items,136.2,1.8698578908002972
2019-10-01,All-items,136.6,1.8642803877703118
2019-11-01,All-items,136.4,2.1722846441947663
2019-12-01,All-items,136.4,2.2488755622188883
2020-01-01,All-items,136.8,2.3952095808383422
2020-02-01,All-items,137.4,2.1561338289962872
2020-03-01,All-items,136.6,0.8862629246676468
2020-04-01,All-items,135.7,-0.22058823529412797
2020-05-01,All-items,136.1,-0.36603221083455484
2020-06-01,All-items,137.2,0.6603081438004255
2020-07-01,All-items,137.2,0.14598540145984717
2020-08-01,All-items,137.0,0.14619883040933868
2020-09-01,All-items,136.9,0.5139500734214542
2020-10-01,All-items,137.5,0.6588579795022032
2020-11-01,All-items,137.7,0.9530791788856074
2020-12-01,All-items,137.4,0.7331378299120228
2021-01-01,All-items,138.2,1.0233918128654818
2021-02-01,All-items,138.9,1.091703056768556
2021-03-01,All-items,139.6,2.196193265007329
2021-04-01,All-items,140.3,3.3898305084745894
2021-05-01,All-items,141.0,3.6002939015429947
2021-06-01,All-items,141.4,3.061224489795933
2021-07-01,All-items,142.3,3.7172011661807725
2021-08-01,All-items,142.6,4.0875912408758985
2021-09-01,All-items,142.9,4.382761139517899
2021-10-01,All-items,143.9,4.654545454545467
2021-11-01,All-items,144.2,4.720406681191003
2021-12-01,All-items,144.0,4.8034934497816595
2022-01-01,All-items,145.3,5.137481910274988
2022-02-01,All-items,146.8,5.6875449964002955
2022-03-01,All-items,148.9,6.6618911174785245
2022-04-01,All-items,149.8,6.77120456165361
2022-05-01,All-items,151.9,7.730496453900715
2022-06-01,All-items,152.9,8.13295615275813
2022-07-01,All-items,153.1,7.589599437807437
2022-08-01,All-items,152.6,7.012622720897621
2022-09-01,All-items,152.7,6.857942617214818
2022-10-01,All-items,153.8,6.879777623349548
2022-11-01,All-items,154.0,6.796116504854388
2022-12-01,All-items,153.1,6.319444444444433
2023-01-01,All-items,153.9,5.918788713007572
2023-02-01,All-items,154.5,5.245231607629419
2023-03-01,All-items,155.3,4.298186702484896
2023-04-01,All-items,156.4,4.4058744993324295
2023-05-01,All-items,157.0,3.3574720210664877
2023-06-01,All-items,157.2,2.8122956180510084
2023-07-01,All-items,158.1,3.2658393207054104
2023-08-01,All-items,158.7,3.997378768020976
2023-09-01,All-items,158.5,3.7982973149967236
2023-10-01,All-items,158.6,3.1209362808842567
2023-11-01,All-items,158.8,3.116883116883118
2023-12-01,All-items,158.3,3.396472893533642
2024-01-01,All-items,158.3,2.8589993502274202
2024-02-01,All-items,158.8,2.783171521035599
2024-03-01,All-items,159.8,2.8976175144880933
2024-04-01,All-items,160.6,2.6854219948849067
2024-05-01,All-items,161.5,2.866242038216571
2024-06-01,All-items,161.4,2.6717557251908497
2024-07-01,All-items,162.1,2.5300442757748343
2024-08-01,All-items,161.8,1.953371140516702
2024-09-01,All-items,161.1,1.6403785488958933
2024-10-01,All-items,161.8,2.0176544766708826
2024-11-01,All-items,161.8,1.8891687657430767
2024-12-01,All-items,161.2,1.831964624131377
2025-01-01,All-items,161.3,1.8951358180669509
2025-02-01,All-items,163.0,2.644836272040285
2025-03-01,All-items,163.5,2.3153942428034924
2025-04-01,All-items,163.4,1.7434620174346271
2025-05-01,All-items,164.3,1.7337461300309664
2025-06-01,All-items,164.4,1.8587360594795488
2025-07-01,All-items,164.9,1.727328809376938
2025-08-01,All-items,164.8,1.8541409147095234
2025-09-01,All-items,164.9,2.358783364369965
2025-10-01,All-items,165.3,2.163164400494444
2025-11-01,All-items,165.4,2.224969097651419
2025-12-01,All-items,165.0,2.3573200992556
2026-01-01,All-items,165.0,2.293862368257904
2026-02-01,All-items,165.9,1.7791411042944905
2026-03-01,All-items,167.4,2.3853211009174258
2026-04-01,All-items,168.0,2.8151774785801775
2026-05-01,All-items,169.6,3.2258064516129004
2026-06-01,All-items,169.0,2.7980535279805263
2015-01-01,Food purchased from restaurants,137.5,
2015-02-01,Food purchased from restaurants,137.7,
2015-03-01,Food purchased from restaurants,137.8,
2015-04-01,Food purchased from restaurants,138.1,
2015-05-01,Food purchased from restaurants,138.5,
2015-06-01,Food purchased from restaurants,138.7,
2015-07-01,Food purchased from restaurants,139.0,
2015-08-01,Food purchased from restaurants,139.4,
2015-09-01,Food purchased from restaurants,139.6,
2015-10-01,Food purchased from restaurants,139.8,
2015-11-01,Food purchased from restaurants,140.3,
2015-12-01,Food purchased from restaurants,140.7,
2016-01-01,Food purchased from restaurants,141.0,2.5454545454545396
2016-02-01,Food purchased from restaurants,141.4,2.6870007262164153
2016-03-01,Food purchased from restaurants,141.4,2.612481857764881
2016-04-01,Food purchased from restaurants,141.8,2.6792179580014563
2016-05-01,Food purchased from restaurants,142.1,2.5992779783393427
2016-06-01,Food purchased from restaurants,142.3,2.5955299206921634
2016-07-01,Food purchased from restaurants,142.7,2.661870503597119
2016-08-01,Food purchased from restaurants,142.9,2.510760401721668
2016-09-01,Food purchased from restaurants,143.1,2.5071633237822244
2016-10-01,Food purchased from restaurants,143.5,2.6466380543633594
2016-11-01,Food purchased from restaurants,143.8,2.4946543121881604
2016-12-01,Food purchased from restaurants,144.0,2.3454157782516027
2017-01-01,Food purchased from restaurants,144.3,2.3404255319148914
2017-02-01,Food purchased from restaurants,144.7,2.33380480905232
2017-03-01,Food purchased from restaurants,144.8,2.40452616690241
2017-04-01,Food purchased from restaurants,145.3,2.4682651622002894
2017-05-01,Food purchased from restaurants,145.5,2.392681210415204
2017-06-01,Food purchased from restaurants,145.9,2.5298664792691383
2017-07-01,Food purchased from restaurants,146.4,2.592852137351098
2017-08-01,Food purchased from restaurants,146.6,2.58922323303008
2017-09-01,Food purchased from restaurants,146.9,2.655485674353608
2017-10-01,Food purchased from restaurants,147.6,2.857142857142847
2017-11-01,Food purchased from restaurants,148.0,2.9207232267037364
2017-12-01,Food purchased from restaurants,148.2,2.9166666666666563
2018-01-01,Food purchased from restaurants,149.6,3.6729036729036713
2018-02-01,Food purchased from restaurants,150.5,4.008293020041465
2018-03-01,Food purchased from restaurants,151.1,4.350828729281764
2018-04-01,Food purchased from restaurants,151.8,4.473503097040599
2018-05-01,Food purchased from restaurants,152.1,4.53608247422681
2018-06-01,Food purchased from restaurants,152.4,4.4551062371487316
2018-07-01,Food purchased from restaurants,152.9,4.43989071038251
2018-08-01,Food purchased from restaurants,153.2,4.502046384720315
2018-09-01,Food purchased from restaurants,153.2,4.288631722260039
2018-10-01,Food purchased from restaurants,153.8,4.20054200542006
2018-11-01,Food purchased from restaurants,154.1,4.121621621621618
2018-12-01,Food purchased from restaurants,153.9,3.8461538461538547
2019-01-01,Food purchased from restaurants,154.9,3.542780748663099
2019-02-01,Food purchased from restaurants,154.5,2.657807308970095
2019-03-01,Food purchased from restaurants,155.3,2.7796161482462
2019-04-01,Food purchased from restaurants,155.7,2.5691699604742935
2019-05-01,Food purchased from restaurants,155.9,2.4983563445101886
2019-06-01,Food purchased from restaurants,156.4,2.6246719160105014
2019-07-01,Food purchased from restaurants,156.9,2.616088947024209
2019-08-01,Food purchased from restaurants,157.4,2.741514360313335
2019-09-01,Food purchased from restaurants,157.4,2.741514360313335
2019-10-01,Food purchased from restaurants,158.0,2.730819245773719
2019-11-01,Food purchased from restaurants,158.1,2.59571706683972
2019-12-01,Food purchased from restaurants,157.9,2.599090318388564
2020-01-01,Food purchased from restaurants,158.2,2.1304067140090366
2020-02-01,Food purchased from restaurants,158.3,2.4595469255663582
2020-03-01,Food purchased from restaurants,158.1,1.8029620090147969
2020-04-01,Food purchased from restaurants,159.2,2.247912652536921
2020-05-01,Food purchased from restaurants,159.3,2.1808851828095
2020-06-01,Food purchased from restaurants,159.5,1.9820971867007708
2020-07-01,Food purchased from restaurants,160.2,2.1032504780114536
2020-08-01,Food purchased from restaurants,160.7,2.096569250317648
2020-09-01,Food purchased from restaurants,160.9,2.223634053367207
2020-10-01,Food purchased from restaurants,161.5,2.215189873417711
2020-11-01,Food purchased from restaurants,161.6,2.21378874130298
2020-12-01,Food purchased from restaurants,161.6,2.3432552248258354
2021-01-01,Food purchased from restaurants,162.6,2.7812895069532217
2021-02-01,Food purchased from restaurants,162.9,2.905874921036
2021-03-01,Food purchased from restaurants,162.6,2.8462998102466885
2021-04-01,Food purchased from restaurants,163.2,2.5125628140703515
2021-05-01,Food purchased from restaurants,163.5,2.6365348399246535
2021-06-01,Food purchased from restaurants,163.9,2.758620689655178
2021-07-01,Food purchased from restaurants,165.2,3.121098626716612
2021-08-01,Food purchased from restaurants,165.9,3.235843186061005
2021-09-01,Food purchased from restaurants,165.9,3.1075201988812973
2021-10-01,Food purchased from restaurants,167.1,3.4674922600619107
2021-11-01,Food purchased from restaurants,167.8,3.836633663366351
2021-12-01,Food purchased from restaurants,168.2,4.084158415841577
2022-01-01,Food purchased from restaurants,169.2,4.0590405904058935
2022-02-01,Food purchased from restaurants,170.5,4.665438919582554
2022-03-01,Food purchased from restaurants,171.4,5.412054120541221
2022-04-01,Food purchased from restaurants,174.0,6.617647058823528
2022-05-01,Food purchased from restaurants,174.6,6.788990825688068
2022-06-01,Food purchased from restaurants,175.5,7.0774862721171505
2022-07-01,Food purchased from restaurants,177.3,7.324455205811153
2022-08-01,Food purchased from restaurants,178.1,7.353827606992147
2022-09-01,Food purchased from restaurants,178.4,7.53465943339362
2022-10-01,Food purchased from restaurants,180.0,7.719928186714542
2022-11-01,Food purchased from restaurants,180.7,7.687723480333708
2022-12-01,Food purchased from restaurants,181.2,7.728894173602852
2023-01-01,Food purchased from restaurants,183.0,8.156028368794344
2023-02-01,Food purchased from restaurants,183.7,7.741935483870965
2023-03-01,Food purchased from restaurants,183.7,7.1761960326721
2023-04-01,Food purchased from restaurants,185.2,6.436781609195386
2023-05-01,Food purchased from restaurants,186.4,6.7583046964490245
2023-06-01,Food purchased from restaurants,187.0,6.552706552706544
2023-07-01,Food purchased from restaurants,188.1,6.091370558375631
2023-08-01,Food purchased from restaurants,189.0,6.120157215047728
2023-09-01,Food purchased from restaurants,189.3,6.109865470852016
2023-10-01,Food purchased from restaurants,190.2,5.666666666666664
2023-11-01,Food purchased from restaurants,190.7,5.534034311012737
2023-12-01,Food purchased from restaurants,191.4,5.6291390728477
2024-01-01,Food purchased from restaurants,192.4,5.136612021857934
2024-02-01,Food purchased from restaurants,193.1,5.117038649972794
2024-03-01,Food purchased from restaurants,193.1,5.117038649972794
2024-04-01,Food purchased from restaurants,193.1,4.265658747300227
2024-05-01,Food purchased from restaurants,194.2,4.184549356223166
2024-06-01,Food purchased from restaurants,195.0,4.278074866310155
2024-07-01,Food purchased from restaurants,195.3,3.8277511961722688
2024-08-01,Food purchased from restaurants,195.5,3.4391534391534417
2024-09-01,Food purchased from restaurants,196.0,3.5393555203380833
2024-10-01,Food purchased from restaurants,196.6,3.3648790746582558
2024-11-01,Food purchased from restaurants,197.1,3.356056633455684
2024-12-01,Food purchased from restaurants,188.3,-1.6196447230929945
2025-01-01,Food purchased from restaurants,182.5,-5.145530145530152
2025-02-01,Food purchased from restaurants,190.4,-1.3982392542723932
2025-03-01,Food purchased from restaurants,199.3,3.210771620921804
2025-04-01,Food purchased from restaurants,200.1,3.6250647332987995
2025-05-01,Food purchased from restaurants,200.6,3.2955715756951554
2025-06-01,Food purchased from restaurants,201.2,3.1794871794871726
2025-07-01,Food purchased from restaurants,201.6,3.2258064516129004
2025-08-01,Food purchased from restaurants,201.9,3.2736572890025517
2025-09-01,Food purchased from restaurants,202.4,3.2653061224489743
2025-10-01,Food purchased from restaurants,202.9,3.2044760935910466
2025-11-01,Food purchased from restaurants,203.7,3.348554033485529
2025-12-01,Food purchased from restaurants,204.3,8.497079129049379
2026-01-01,Food purchased from restaurants,204.9,12.273972602739725
2026-02-01,Food purchased from restaurants,205.2,7.773109243697474
2026-03-01,Food purchased from restaurants,205.6,3.1610637230305993
2026-04-01,Food purchased from restaurants,206.2,3.0484757621189296
2026-05-01,Food purchased from restaurants,206.9,3.1405782652043968
2026-06-01,Food purchased from restaurants,206.7,2.733598409542748
2015-01-01,Food purchased from stores,139.7,
2015-02-01,Food purchased from stores,140.2,
2015-03-01,Food purchased from stores,140.2,
2015-04-01,Food purchased from stores,140.0,
2015-05-01,Food purchased from stores,141.8,
2015-06-01,Food purchased from stores,141.9,
2015-07-01,Food purchased from stores,141.8,
2015-08-01,Food purchased from stores,141.4,
2015-09-01,Food purchased from stores,140.6,
2015-10-01,Food purchased from stores,141.3,
2015-11-01,Food purchased from stores,142.2,
2015-12-01,Food purchased from stores,143.2,
2016-01-01,Food purchased from stores,146.1,4.58124552612742
2016-02-01,Food purchased from stores,146.4,4.422253922967201
2016-03-01,Food purchased from stores,145.8,3.9942938659058624
2016-04-01,Food purchased from stores,144.6,3.285714285714292
2016-05-01,Food purchased from stores,143.8,1.4104372355430161
2016-06-01,Food purchased from stores,143.1,0.8456659619450191
2016-07-01,Food purchased from stores,143.4,1.128349788434413
2016-08-01,Food purchased from stores,142.0,0.4243281471004279
2016-09-01,Food purchased from stores,139.3,-0.9246088193456514
2016-10-01,Food purchased from stores,138.4,-2.0523708421797626
2016-11-01,Food purchased from stores,139.4,-1.9690576652601877
2016-12-01,Food purchased from stores,139.2,-2.7932960893854775
2017-01-01,Food purchased from stores,140.3,-3.9698836413415317
2017-02-01,Food purchased from stores,140.4,-4.098360655737709
2017-03-01,Food purchased from stores,140.6,-3.566529492455428
2017-04-01,Food purchased from stores,140.9,-2.5587828492392717
2017-05-01,Food purchased from stores,142.1,-1.1821974965229631
2017-06-01,Food purchased from stores,142.6,-0.34940600978337066
2017-07-01,Food purchased from stores,143.2,-0.1394700139470184
2017-08-01,Food purchased from stores,142.4,0.28169014084507005
2017-09-01,Food purchased from stores,140.5,0.8614501076812608
2017-10-01,Food purchased from stores,139.2,0.5780346820809079
2017-11-01,Food purchased from stores,140.7,0.9325681492108995
2017-12-01,Food purchased from stores,141.3,1.5086206896551824
2018-01-01,Food purchased from stores,142.6,1.6393442622950616
2018-02-01,Food purchased from stores,142.3,1.3532763532763559
2018-03-01,Food purchased from stores,141.3,0.4978662873399875
2018-04-01,Food purchased from stores,141.9,0.7097232079489091
2018-05-01,Food purchased from stores,141.4,-0.49261083743841194
2018-06-01,Food purchased from stores,142.7,0.07012622720896644
2018-07-01,Food purchased from stores,143.3,0.0698324022346597
2018-08-01,Food purchased from stores,142.8,0.2808988764045006
2018-09-01,Food purchased from stores,141.4,0.6405693950177982
2018-10-01,Food purchased from stores,140.7,1.0775862068965525
2018-11-01,Food purchased from stores,142.7,1.4214641080312784
2018-12-01,Food purchased from stores,144.8,2.4769992922859085
2019-01-01,Food purchased from stores,146.1,2.4544179523141585
2019-02-01,Food purchased from stores,147.1,3.373155305692177
2019-03-01,Food purchased from stores,147.0,4.033970276008492
2019-04-01,Food purchased from stores,146.1,2.9598308668076
2019-05-01,Food purchased from stores,147.1,4.0311173974540315
2019-06-01,Food purchased from stores,148.3,3.9243167484232844
2019-07-01,Food purchased from stores,149.3,4.187020237264472
2019-08-01,Food purchased from stores,148.4,3.9215686274509665
2019-09-01,Food purchased from stores,147.2,4.101838755304099
2019-10-01,Food purchased from stores,146.5,4.12224591329069
2019-11-01,Food purchased from stores,148.2,3.854239663629988
2019-12-01,Food purchased from stores,149.4,3.176795580110503
2020-01-01,Food purchased from stores,151.6,3.7645448323066377
2020-02-01,Food purchased from stores,150.6,2.3793337865397612
2020-03-01,Food purchased from stores,150.5,2.3809523809523725
2020-04-01,Food purchased from stores,151.9,3.969883641341565
2020-05-01,Food purchased from stores,152.3,3.5350101971448167
2020-06-01,Food purchased from stores,152.8,3.0343897505057393
2020-07-01,Food purchased from stores,152.9,2.4112525117213623
2020-08-01,Food purchased from stores,150.8,1.6172506738544534
2020-09-01,Food purchased from stores,149.1,1.2907608695652106
2020-10-01,Food purchased from stores,149.9,2.320819112627981
2020-11-01,Food purchased from stores,150.6,1.6194331983805599
2020-12-01,Food purchased from stores,150.2,0.5354752342703994
2021-01-01,Food purchased from stores,151.7,0.06596306068600288
2021-02-01,Food purchased from stores,152.6,1.3280212483399723
2021-03-01,Food purchased from stores,152.5,1.3289036544850585
2021-04-01,Food purchased from stores,152.0,0.06583278472678256
2021-05-01,Food purchased from stores,153.6,0.8535784635587573
2021-06-01,Food purchased from stores,153.8,0.654450261780104
2021-07-01,Food purchased from stores,154.4,0.9810333551340644
2021-08-01,Food purchased from stores,154.7,2.5862068965517127
2021-09-01,Food purchased from stores,155.4,4.225352112676073
2021-10-01,Food purchased from stores,155.8,3.935957304869908
2021-11-01,Food purchased from stores,157.7,4.7144754316069015
2021-12-01,Food purchased from stores,158.8,5.725699067909473
2022-01-01,Food purchased from stores,161.5,6.46011865524061
2022-02-01,Food purchased from stores,163.9,7.404980340760159
2022-03-01,Food purchased from stores,165.7,8.655737704918032
2022-04-01,Food purchased from stores,166.8,9.736842105263154
2022-05-01,Food purchased from stores,168.5,9.700520833333348
2022-06-01,Food purchased from stores,168.3,9.427828348504551
2022-07-01,Food purchased from stores,169.7,9.909326424870457
2022-08-01,Food purchased from stores,171.4,10.795087265675507
2022-09-01,Food purchased from stores,173.1,11.389961389961378
2022-10-01,Food purchased from stores,173.0,11.039794608472398
2022-11-01,Food purchased from stores,175.7,11.414077362079889
2022-12-01,Food purchased from stores,176.3,11.020151133501255
2023-01-01,Food purchased from stores,179.9,11.393188854489168
2023-02-01,Food purchased from stores,181.2,10.555216595485039
2023-03-01,Food purchased from stores,181.7,9.656004828002418
2023-04-01,Food purchased from stores,182.0,9.11270983213428
2023-05-01,Food purchased from stores,183.7,9.020771513353099
2023-06-01,Food purchased from stores,183.6,9.090909090909083
2023-07-01,Food purchased from stores,184.1,8.485562757807896
2023-08-01,Food purchased from stores,183.3,6.942823803967335
2023-09-01,Food purchased from stores,183.1,5.777007510109766
2023-10-01,Food purchased from stores,182.4,5.433526011560708
2023-11-01,Food purchased from stores,183.9,4.667046101309058
2023-12-01,Food purchased from stores,184.5,4.6511627906976605
2024-01-01,Food purchased from stores,186.0,3.3907726514730285
2024-02-01,Food purchased from stores,185.6,2.428256070640189
2024-03-01,Food purchased from stores,185.1,1.871216290588884
2024-04-01,Food purchased from stores,184.5,1.3736263736263687
2024-05-01,Food purchased from stores,186.5,1.5242242787153026
2024-06-01,Food purchased from stores,187.5,2.12418300653594
2024-07-01,Food purchased from stores,188.0,2.1184139054861495
2024-08-01,Food purchased from stores,187.7,2.4004364429896174
2024-09-01,Food purchased from stores,187.5,2.403058438012029
2024-10-01,Food purchased from stores,187.4,2.7412280701754277
2024-11-01,Food purchased from stores,188.6,2.5557368134855762
2024-12-01,Food purchased from stores,188.0,1.8970189701897011
2025-01-01,Food purchased from stores,189.5,1.8817204301075252
2025-02-01,Food purchased from stores,190.8,2.80172413793105
2025-03-01,Food purchased from stores,191.0,3.1874662344678617
2025-04-01,Food purchased from stores,191.6,3.848238482384825
2025-05-01,Food purchased from stores,192.7,3.324396782841821
2025-06-01,Food purchased from stores,192.8,2.826666666666666
2025-07-01,Food purchased from stores,194.4,3.404255319148941
2025-08-01,Food purchased from stores,194.2,3.4629728289824246
2025-09-01,Food purchased from stores,195.0,4.0000000000000036
2025-10-01,Food purchased from stores,193.8,3.415154749199578
2025-11-01,Food purchased from stores,197.4,4.665959703075306
2025-12-01,Food purchased from stores,197.4,5.000000000000004
2026-01-01,Food purchased from stores,198.6,4.802110817941951
2026-02-01,Food purchased from stores,198.6,4.088050314465397
2026-03-01,Food purchased from stores,199.4,4.397905759162302
2026-04-01,Food purchased from stores,198.9,3.8100208768267363
2026-05-01,Food purchased from stores,200.9,4.255319148936176
2026-06-01,Food purchased from stores,200.3,3.890041493775942
2015-01-01,Fresh fruit,129.6,
2015-02-01,Fresh fruit,129.4,
2015-03-01,Fresh fruit,127.0,
2015-04-01,Fresh fruit,123.0,
2015-05-01,Fresh fruit,129.3,
2015-06-01,Fresh fruit,128.6,
2015-07-01,Fresh fruit,130.5,
2015-08-01,Fresh fruit,126.6,
2015-09-01,Fresh fruit,127.0,
2015-10-01,Fresh fruit,131.8,
2015-11-01,Fresh fruit,133.1,
2015-12-01,Fresh fruit,137.6,
2016-01-01,Fresh fruit,146.3,12.885802469135822
2016-02-01,Fresh fruit,148.0,14.374034003091186
2016-03-01,Fresh fruit,141.4,11.338582677165366
2016-04-01,Fresh fruit,136.5,10.97560975609757
2016-05-01,Fresh fruit,135.6,4.872389791183274
2016-06-01,Fresh fruit,136.4,6.065318818040444
2016-07-01,Fresh fruit,133.5,2.298850574712641
2016-08-01,Fresh fruit,125.9,-0.5529225908372792
2016-09-01,Fresh fruit,124.6,-1.8897637795275646
2016-10-01,Fresh fruit,122.1,-7.35963581183613
2016-11-01,Fresh fruit,127.1,-4.507888805409466
2016-12-01,Fresh fruit,127.5,-7.340116279069764
2017-01-01,Fresh fruit,130.5,-10.799726589200276
2017-02-01,Fresh fruit,128.3,-13.310810810810803
2017-03-01,Fresh fruit,123.9,-12.376237623762377
2017-04-01,Fresh fruit,128.1,-6.153846153846154
2017-05-01,Fresh fruit,134.2,-1.03244837758113
2017-06-01,Fresh fruit,135.1,-0.9530791788856408
2017-07-01,Fresh fruit,138.9,4.044943820224733
2017-08-01,Fresh fruit,132.9,5.559968228752976
2017-09-01,Fresh fruit,127.4,2.2471910112359605
2017-10-01,Fresh fruit,121.6,-0.40950040950040734
2017-11-01,Fresh fruit,125.6,-1.1801730920535047
2017-12-01,Fresh fruit,128.5,0.7843137254901933
2018-01-01,Fresh fruit,134.1,2.758620689655178
2018-02-01,Fresh fruit,129.4,0.8573655494933607
2018-03-01,Fresh fruit,126.0,1.6949152542372836
2018-04-01,Fresh fruit,125.7,-1.873536299765799
2018-05-01,Fresh fruit,130.5,-2.7570789865871803
2018-06-01,Fresh fruit,134.5,-0.4441154700221994
2018-07-01,Fresh fruit,139.1,0.14398848092151972
2018-08-01,Fresh fruit,134.0,0.8276899924755332
2018-09-01,Fresh fruit,128.4,0.7849293563579218
2018-10-01,Fresh fruit,123.4,1.4802631578947567
2018-11-01,Fresh fruit,127.6,1.5923566878981
2018-12-01,Fresh fruit,133.7,4.046692607003877
2019-01-01,Fresh fruit,133.5,-0.4474272930648726
2019-02-01,Fresh fruit,134.3,3.78670788253479
2019-03-01,Fresh fruit,136.8,8.571428571428585
2019-04-01,Fresh fruit,135.5,7.796340493237874
2019-05-01,Fresh fruit,134.0,2.6819923371647514
2019-06-01,Fresh fruit,138.8,3.1970260223048497
2019-07-01,Fresh fruit,133.9,-3.738317757009335
2019-08-01,Fresh fruit,132.7,-0.9701492537313561
2019-09-01,Fresh fruit,131.0,2.024922118380057
2019-10-01,Fresh fruit,133.1,7.86061588330631
2019-11-01,Fresh fruit,136.4,6.896551724137945
2019-12-01,Fresh fruit,146.7,9.723261032161567
2020-01-01,Fresh fruit,140.7,5.393258426966274
2020-02-01,Fresh fruit,133.5,-0.5956813104988967
2020-03-01,Fresh fruit,127.8,-6.578947368421062
2020-04-01,Fresh fruit,135.6,0.07380073800737907
2020-05-01,Fresh fruit,134.1,0.07462686567163423
2020-06-01,Fresh fruit,135.5,-2.377521613832856
2020-07-01,Fresh fruit,139.7,4.331590739357716
2020-08-01,Fresh fruit,138.3,4.220045214770174
2020-09-01,Fresh fruit,135.3,3.2824427480916185
2020-10-01,Fresh fruit,139.2,4.583020285499617
2020-11-01,Fresh fruit,137.6,0.8797653958944274
2020-12-01,Fresh fruit,137.9,-5.998636673483293
2021-01-01,Fresh fruit,137.8,-2.0611229566453337
2021-02-01,Fresh fruit,141.4,5.917602996254678
2021-03-01,Fresh fruit,138.7,8.528951486697967
2021-04-01,Fresh fruit,138.6,2.212389380530966
2021-05-01,Fresh fruit,141.1,5.219985085756895
2021-06-01,Fresh fruit,141.8,4.649446494464948
2021-07-01,Fresh fruit,138.8,-0.6442376521116566
2021-08-01,Fresh fruit,139.4,0.7953723788864719
2021-09-01,Fresh fruit,137.3,1.4781966001478297
2021-10-01,Fresh fruit,138.0,-0.8620689655172376
2021-11-01,Fresh fruit,139.6,1.4534883720930258
2021-12-01,Fresh fruit,145.6,5.583756345177648
2022-01-01,Fresh fruit,149.1,8.200290275761969
2022-02-01,Fresh fruit,151.4,7.072135785007072
2022-03-01,Fresh fruit,151.2,9.012256669069929
2022-04-01,Fresh fruit,152.4,9.956709956709965
2022-05-01,Fresh fruit,157.1,11.339475549255852
2022-06-01,Fresh fruit,156.3,10.225669957686879
2022-07-01,Fresh fruit,155.0,11.671469740633999
2022-08-01,Fresh fruit,157.8,13.199426111908185
2022-09-01,Fresh fruit,154.8,12.74581209031318
2022-10-01,Fresh fruit,150.3,8.913043478260875
2022-11-01,Fresh fruit,155.0,11.031518624641844
2022-12-01,Fresh fruit,161.5,10.920329670329675
2023-01-01,Fresh fruit,165.4,10.932260228034885
2023-02-01,Fresh fruit,167.3,10.501981505944524
2023-03-01,Fresh fruit,161.9,7.076719576719581
2023-04-01,Fresh fruit,165.0,8.267716535433056
2023-05-01,Fresh fruit,166.0,5.665181413112674
2023-06-01,Fresh fruit,172.5,10.364683301343568
2023-07-01,Fresh fruit,161.3,4.0645161290322696
2023-08-01,Fresh fruit,158.1,0.1901140684410496
2023-09-01,Fresh fruit,159.5,3.0361757105943132
2023-10-01,Fresh fruit,157.5,4.79041916167664
2023-11-01,Fresh fruit,162.0,4.516129032258065
2023-12-01,Fresh fruit,166.8,3.2817337461300333
2024-01-01,Fresh fruit,168.6,1.9347037484884977
2024-02-01,Fresh fruit,163.0,-2.570233114166176
2024-03-01,Fresh fruit,157.8,-2.5324274243360034
2024-04-01,Fresh fruit,157.8,-4.363636363636358
2024-05-01,Fresh fruit,161.3,-2.8313253012048123
2024-06-01,Fresh fruit,163.5,-5.21739130434783
2024-07-01,Fresh fruit,161.2,-0.0619962802231977
2024-08-01,Fresh fruit,160.4,1.4547754585705341
2024-09-01,Fresh fruit,162.1,1.6300940438871425
2024-10-01,Fresh fruit,157.9,0.25396825396826195
2024-11-01,Fresh fruit,156.8,-3.2098765432098664
2024-12-01,Fresh fruit,160.6,-3.7170263788968927
2025-01-01,Fresh fruit,168.3,-0.1779359430604921
2025-02-01,Fresh fruit,170.6,4.66257668711656
2025-03-01,Fresh fruit,166.6,5.5766793409378845
2025-04-01,Fresh fruit,165.7,5.006337135614691
2025-05-01,Fresh fruit,167.4,3.7817730936143823
2025-06-01,Fresh fruit,166.9,2.079510703363918
2025-07-01,Fresh fruit,167.5,3.9081885856079523
2025-08-01,Fresh fruit,158.7,-1.0598503740648524
2025-09-01,Fresh fruit,159.8,-1.4188772362738966
2025-10-01,Fresh fruit,156.7,-0.7599746675110985
2025-11-01,Fresh fruit,163.7,4.400510204081609
2025-12-01,Fresh fruit,167.8,4.483188044831898
2026-01-01,Fresh fruit,163.0,-3.1491384432560943
2026-02-01,Fresh fruit,164.0,-3.86869871043376
2026-03-01,Fresh fruit,162.8,-2.280912364945964
2026-04-01,Fresh fruit,164.8,-0.5431502715751213
2026-05-01,Fresh fruit,176.3,5.316606929510148
2026-06-01,Fresh fruit,169.7,1.6776512881965244
2015-01-01,Fresh vegetables,129.6,
2015-02-01,Fresh vegetables,130.6,
2015-03-01,Fresh vegetables,128.8,
2015-04-01,Fresh vegetables,125.3,
2015-05-01,Fresh vegetables,130.3,
2015-06-01,Fresh vegetables,129.2,
2015-07-01,Fresh vegetables,129.6,
2015-08-01,Fresh vegetables,122.9,
2015-09-01,Fresh vegetables,120.9,
2015-10-01,Fresh vegetables,120.6,
2015-11-01,Fresh vegetables,131.5,
2015-12-01,Fresh vegetables,139.6,
2016-01-01,Fresh vegetables,153.2,18.20987654320987
2016-02-01,Fresh vegetables,153.1,17.228177641653897
2016-03-01,Fresh vegetables,148.0,14.90683229813663
2016-04-01,Fresh vegetables,140.0,11.731843575418988
2016-05-01,Fresh vegetables,132.8,1.9186492709132752
2016-06-01,Fresh vegetables,134.0,3.7151702786377694
2016-07-01,Fresh vegetables,133.1,2.7006172839506126
2016-08-01,Fresh vegetables,126.1,2.6037428803905582
2016-09-01,Fresh vegetables,118.5,-1.985111662531025
2016-10-01,Fresh vegetables,116.3,-3.565505804311775
2016-11-01,Fresh vegetables,125.3,-4.714828897338408
2016-12-01,Fresh vegetables,127.4,-8.739255014326641
2017-01-01,Fresh vegetables,129.5,-15.469973890339418
2017-02-01,Fresh vegetables,131.6,-14.04310907903331
2017-03-01,Fresh vegetables,132.9,-10.202702702702704
2017-04-01,Fresh vegetables,131.7,-5.928571428571439
2017-05-01,Fresh vegetables,136.1,2.484939759036142
2017-06-01,Fresh vegetables,139.7,4.253731343283573
2017-07-01,Fresh vegetables,137.6,3.380916604057105
2017-08-01,Fresh vegetables,130.7,3.647898493259305
2017-09-01,Fresh vegetables,122.3,3.206751054852308
2017-10-01,Fresh vegetables,118.7,2.0636285468615734
2017-11-01,Fresh vegetables,130.0,3.75099760574622
2017-12-01,Fresh vegetables,136.2,6.907378335949743
2018-01-01,Fresh vegetables,141.2,9.034749034749034
2018-02-01,Fresh vegetables,141.0,7.14285714285714
2018-03-01,Fresh vegetables,138.0,3.8374717832956984
2018-04-01,Fresh vegetables,137.4,4.328018223234631
2018-05-01,Fresh vegetables,135.3,-0.5878030859661876
2018-06-01,Fresh vegetables,141.3,1.145311381531866
2018-07-01,Fresh vegetables,141.6,2.9069767441860517
2018-08-01,Fresh vegetables,137.1,4.896710022953332
2018-09-01,Fresh vegetables,132.6,8.421913327882248
2018-10-01,Fresh vegetables,132.1,11.288963774220706
2018-11-01,Fresh vegetables,143.2,10.153846153846136
2018-12-01,Fresh vegetables,156.5,14.904552129221749
2019-01-01,Fresh vegetables,159.8,13.17280453257792
2019-02-01,Fresh vegetables,161.2,14.326241134751761
2019-03-01,Fresh vegetables,159.6,15.652173913043477
2019-04-01,Fresh vegetables,157.3,14.483260553129561
2019-05-01,Fresh vegetables,157.9,16.703621581670358
2019-06-01,Fresh vegetables,165.7,17.268223637650372
2019-07-01,Fresh vegetables,168.3,18.855932203389834
2019-08-01,Fresh vegetables,157.4,14.806710430342829
2019-09-01,Fresh vegetables,149.0,12.368024132730016
2019-10-01,Fresh vegetables,142.0,7.494322482967464
2019-11-01,Fresh vegetables,153.3,7.053072625698342
2019-12-01,Fresh vegetables,158.9,1.5335463258785875
2020-01-01,Fresh vegetables,167.8,5.0062578222778376
2020-02-01,Fresh vegetables,166.5,3.287841191066998
2020-03-01,Fresh vegetables,162.2,1.6290726817042467
2020-04-01,Fresh vegetables,163.4,3.877940241576594
2020-05-01,Fresh vegetables,159.8,1.2032932235592098
2020-06-01,Fresh vegetables,166.9,0.7242003621001913
2020-07-01,Fresh vegetables,168.9,0.35650623885916666
2020-08-01,Fresh vegetables,160.9,2.223634053367207
2020-09-01,Fresh vegetables,154.4,3.624161073825505
2020-10-01,Fresh vegetables,155.5,9.507042253521124
2020-11-01,Fresh vegetables,160.3,4.566210045662089
2020-12-01,Fresh vegetables,160.6,1.0698552548772833
2021-01-01,Fresh vegetables,168.1,0.17878426698449967
2021-02-01,Fresh vegetables,169.0,1.501501501501501
2021-03-01,Fresh vegetables,160.7,-0.9247842170160281
2021-04-01,Fresh vegetables,151.7,-7.160342717258272
2021-05-01,Fresh vegetables,155.1,-2.941176470588247
2021-06-01,Fresh vegetables,154.4,-7.489514679448773
2021-07-01,Fresh vegetables,156.3,-7.46003552397868
2021-08-01,Fresh vegetables,152.8,-5.034182722187685
2021-09-01,Fresh vegetables,149.5,-3.173575129533679
2021-10-01,Fresh vegetables,149.3,-3.9871382636655905
2021-11-01,Fresh vegetables,164.0,2.308172177167811
2021-12-01,Fresh vegetables,166.1,3.424657534246567
2022-01-01,Fresh vegetables,170.8,1.6061867935752705
2022-02-01,Fresh vegetables,171.1,1.2426035502958621
2022-03-01,Fresh vegetables,168.1,4.604853764779104
2022-04-01,Fresh vegetables,164.1,8.174027686222818
2022-05-01,Fresh vegetables,171.0,10.251450676982587
2022-06-01,Fresh vegetables,169.0,9.455958549222787
2022-07-01,Fresh vegetables,170.0,8.765195137555981
2022-08-01,Fresh vegetables,167.0,9.293193717277482
2022-09-01,Fresh vegetables,167.2,11.83946488294314
2022-10-01,Fresh vegetables,165.7,10.984594775619549
2022-11-01,Fresh vegetables,182.3,11.158536585365852
2022-12-01,Fresh vegetables,188.7,13.606261288380495
2023-01-01,Fresh vegetables,195.9,14.695550351288045
2023-02-01,Fresh vegetables,194.0,13.383985973115141
2023-03-01,Fresh vegetables,186.2,10.767400356930402
2023-04-01,Fresh vegetables,178.5,8.775137111517362
2023-05-01,Fresh vegetables,186.2,8.888888888888879
2023-06-01,Fresh vegetables,182.8,8.165680473372783
2023-07-01,Fresh vegetables,185.6,9.176470588235297
2023-08-01,Fresh vegetables,181.6,8.742514970059867
2023-09-01,Fresh vegetables,179.9,7.595693779904322
2023-10-01,Fresh vegetables,174.0,5.009052504526257
2023-11-01,Fresh vegetables,186.9,2.5233132199670827
2023-12-01,Fresh vegetables,189.7,0.5299417064122958
2024-01-01,Fresh vegetables,197.3,0.7146503318019359
2024-02-01,Fresh vegetables,200.6,3.402061855670091
2024-03-01,Fresh vegetables,190.9,2.5241675617615478
2024-04-01,Fresh vegetables,184.1,3.137254901960773
2024-05-01,Fresh vegetables,190.5,2.309344790547807
2024-06-01,Fresh vegetables,189.8,3.8293216630197024
2024-07-01,Fresh vegetables,195.0,5.06465517241379
2024-08-01,Fresh vegetables,189.5,4.350220264317173
2024-09-01,Fresh vegetables,187.8,4.391328515842141
2024-10-01,Fresh vegetables,182.5,4.885057471264376
2024-11-01,Fresh vegetables,193.9,3.7453183520599342
2024-12-01,Fresh vegetables,199.6,5.218766473379022
2025-01-01,Fresh vegetables,206.0,4.409528636594007
2025-02-01,Fresh vegetables,202.5,0.9471585244267278
2025-03-01,Fresh vegetables,192.0,0.5762179151388214
2025-04-01,Fresh vegetables,191.0,3.7479630635524286
2025-05-01,Fresh vegetables,192.5,1.049868766404205
2025-06-01,Fresh vegetables,184.0,-3.0558482613277205
2025-07-01,Fresh vegetables,188.2,-3.4871794871794926
2025-08-01,Fresh vegetables,185.7,-2.0052770448548918
2025-09-01,Fresh vegetables,191.3,1.863684771033003
2025-10-01,Fresh vegetables,179.9,-1.4246575342465762
2025-11-01,Fresh vegetables,192.1,-0.9283135636926287
2025-12-01,Fresh vegetables,197.0,-1.3026052104208374
2026-01-01,Fresh vegetables,202.2,-1.8446601941747631
2026-02-01,Fresh vegetables,203.6,0.5432098765432158
2026-03-01,Fresh vegetables,207.0,7.8125
2026-04-01,Fresh vegetables,198.9,4.136125654450273
2026-05-01,Fresh vegetables,209.8,8.987012987012989
2026-06-01,Fresh vegetables,200.9,9.184782608695663
