year,region_code,region_name,unemployment_rate,employment_thousands,participation_rate,youth_unemployment_rate,prime_age_unemployment_rate
1976,AB,Alberta,3.9,854.9,67.4,7.4,2.5
1976,BC,British Columbia,8.4,1060.9,61.8,14.4,6.3
1976,CA,Canada,7.1,9747.5,61.5,12.4,5.3
1976,MB,Manitoba,4.7,434.4,61.8,8.3,3.3
1976,NB,New Brunswick,11.0,231.1,53.9,16.8,8.9
1976,NL,Newfoundland and Labrador,13.4,158.8,49.4,20.5,10.6
1976,NS,Nova Scotia,9.2,297.9,55.6,16.3,6.6
1976,ON,Ontario,6.1,3740.7,64.2,10.9,4.7
1976,PE,Prince Edward Island,9.3,43.0,57.1,14.8,7.2
1976,QC,Quebec,8.7,2543.4,58.8,15.2,6.3
1976,SK,Saskatchewan,3.8,382.3,60.6,6.9,2.8
1977,AB,Alberta,4.5,903.7,67.6,8.0,3.0
1977,BC,British Columbia,8.3,1089.1,61.8,14.3,6.3
1977,CA,Canada,8.0,9917.1,61.9,13.8,6.0
1977,MB,Manitoba,5.7,438.2,62.1,9.2,4.5
1977,NB,New Brunswick,13.3,228.3,53.6,21.1,10.6
1977,NL,Newfoundland and Labrador,15.4,160.9,50.6,24.4,11.7
1977,NS,Nova Scotia,10.3,298.3,55.6,16.8,8.3
1977,ON,Ontario,6.9,3803.9,64.5,12.4,5.1
1977,PE,Prince Edward Island,9.5,43.6,57.0,13.3,8.3
1977,QC,Quebec,10.4,2556.0,59.3,17.5,7.8
1977,SK,Saskatchewan,4.4,395.4,61.6,8.1,3.0
1978,AB,Alberta,4.8,959.2,68.5,8.1,3.4
1978,BC,British Columbia,8.3,1137.5,62.9,13.7,6.4
1978,CA,Canada,8.4,10220.3,62.7,14.0,6.4
1978,MB,Manitoba,6.5,444.4,63.0,11.3,4.8
1978,NB,New Brunswick,12.4,239.3,54.8,19.2,9.8
1978,NL,Newfoundland and Labrador,15.9,166.1,51.7,23.3,12.9
1978,NS,Nova Scotia,10.5,306.0,56.2,17.4,8.2
1978,ON,Ontario,7.2,3923.6,65.4,12.8,5.4
1978,PE,Prince Edward Island,9.7,44.9,57.4,15.2,7.9
1978,QC,Quebec,11.0,2596.1,60.0,17.7,8.6
1978,SK,Saskatchewan,4.8,403.2,62.2,8.9,3.5
1979,AB,Alberta,3.9,1033.9,69.9,6.3,2.9
1979,BC,British Columbia,7.7,1188.5,63.6,12.8,5.9
1979,CA,Canada,7.5,10668.6,63.7,12.7,5.8
1979,MB,Manitoba,5.5,454.6,63.5,9.5,4.1
1979,NB,New Brunswick,10.9,250.1,55.4,17.3,8.6
1979,NL,Newfoundland and Labrador,14.8,176.7,53.4,23.7,11.4
1979,NS,Nova Scotia,10.0,317.3,57.0,18.0,7.3
1979,ON,Ontario,6.6,4092.8,66.6,11.6,5.0
1979,PE,Prince Edward Island,11.6,46.4,59.3,16.2,10.1
1979,QC,Quebec,9.7,2692.0,60.6,16.0,7.6
1979,SK,Saskatchewan,4.2,416.1,62.9,7.6,3.0
1980,AB,Alberta,3.9,1102.5,70.8,6.7,2.7
1980,BC,British Columbia,6.7,1266.4,64.7,11.3,5.1
1980,CA,Canada,7.5,10984.0,64.3,12.8,5.8
1980,MB,Manitoba,5.5,462.0,64.3,9.6,4.2
1980,NB,New Brunswick,11.1,253.9,55.7,17.7,9.1
1980,NL,Newfoundland and Labrador,13.3,182.6,53.2,21.1,10.5
1980,NS,Nova Scotia,9.7,324.4,57.3,16.3,7.5
1980,ON,Ontario,6.9,4165.1,66.8,12.2,5.1
1980,PE,Prince Edward Island,10.5,47.8,59.5,16.3,9.2
1980,QC,Quebec,10.0,2756.2,61.4,16.7,7.8
1980,SK,Saskatchewan,4.3,423.1,63.1,8.0,3.0
1981,AB,Alberta,3.9,1182.8,72.3,6.5,2.9
1981,BC,British Columbia,6.8,1319.6,65.4,11.2,5.5
1981,CA,Canada,7.6,11305.0,65.0,12.8,6.0
1981,MB,Manitoba,6.0,468.8,65.1,10.1,4.6
1981,NB,New Brunswick,11.6,257.7,56.4,18.6,9.3
1981,NL,Newfoundland and Labrador,13.5,186.1,53.5,22.5,10.0
1981,NS,Nova Scotia,10.0,328.3,57.7,16.7,7.9
1981,ON,Ontario,6.6,4292.5,67.7,11.9,4.9
1981,PE,Prince Edward Island,11.3,47.1,58.7,19.2,8.9
1981,QC,Quebec,10.5,2791.2,61.9,17.0,8.6
1981,SK,Saskatchewan,4.5,430.9,63.6,8.3,3.3
1982,AB,Alberta,7.7,1164.3,71.7,12.4,6.1
1982,BC,British Columbia,12.1,1253.4,64.6,20.7,9.5
1982,CA,Canada,11.0,10943.7,64.4,18.2,8.9
1982,MB,Manitoba,8.5,460.3,65.0,13.6,7.1
1982,NB,New Brunswick,14.0,248.4,55.3,22.8,11.3
1982,NL,Newfoundland and Labrador,16.2,180.8,53.1,27.3,12.5
1982,NS,Nova Scotia,12.8,321.1,57.5,21.7,10.2
1982,ON,Ontario,9.8,4198.6,67.5,16.7,7.8
1982,PE,Prince Edward Island,12.6,46.6,58.5,20.4,10.3
1982,QC,Quebec,14.0,2640.1,60.4,22.6,11.6
1982,SK,Saskatchewan,6.3,430.0,63.8,11.3,4.8
1983,AB,Alberta,11.0,1133.8,71.7,15.7,9.5
1983,BC,British Columbia,13.9,1244.9,64.5,22.8,11.6
1983,CA,Canada,12.0,11022.0,64.7,19.2,10.0
1983,MB,Manitoba,9.5,467.9,65.8,14.7,7.9
1983,NB,New Brunswick,14.9,251.3,55.7,24.3,12.1
1983,NL,Newfoundland and Labrador,18.1,180.8,53.3,29.7,14.3
1983,NS,Nova Scotia,13.4,324.8,57.7,21.8,11.1
1983,ON,Ontario,10.4,4249.0,67.6,17.3,8.4
1983,PE,Prince Edward Island,12.2,48.8,60.0,19.9,10.4
1983,QC,Quebec,14.2,2683.8,61.1,22.3,11.9
1983,SK,Saskatchewan,7.7,436.9,64.9,14.1,5.9
1984,AB,Alberta,11.3,1138.1,72.2,15.7,10.1
1984,BC,British Columbia,15.0,1245.1,64.3,22.8,13.1
1984,CA,Canada,11.3,11301.7,65.0,17.4,9.8
1984,MB,Manitoba,8.6,479.1,65.8,13.6,7.1
1984,NB,New Brunswick,14.6,255.2,55.6,22.8,12.7
1984,NL,Newfoundland and Labrador,20.1,179.0,53.5,32.4,16.3
1984,NS,Nova Scotia,13.0,339.9,59.2,20.9,10.9
1984,ON,Ontario,9.0,4410.2,67.8,14.3,7.5
1984,PE,Prince Edward Island,12.5,49.5,60.1,19.3,10.4
1984,QC,Quebec,13.1,2762.5,61.7,19.5,11.5
1984,SK,Saskatchewan,8.1,443.2,65.2,14.5,6.4
1985,AB,Alberta,9.8,1173.8,72.6,14.1,8.5
1985,BC,British Columbia,14.3,1279.7,64.7,20.9,12.6
1985,CA,Canada,10.5,11658.0,65.6,15.8,9.1
1985,MB,Manitoba,8.3,486.9,65.9,13.4,6.7
1985,NB,New Brunswick,15.2,262.0,56.9,22.9,13.3
1985,NL,Newfoundland and Labrador,20.2,182.5,54.2,31.3,16.9
1985,NS,Nova Scotia,13.4,343.7,59.4,21.4,11.4
1985,ON,Ontario,7.9,4576.6,68.4,12.5,6.6
1985,PE,Prince Edward Island,13.5,50.7,61.5,20.0,11.7
1985,QC,Quebec,12.2,2848.6,62.4,17.5,10.7
1985,SK,Saskatchewan,8.1,453.6,66.1,13.6,6.8
1986,AB,Alberta,9.9,1184.5,72.6,14.5,8.7
1986,BC,British Columbia,12.7,1331.8,65.4,18.9,11.2
1986,CA,Canada,9.6,12008.5,66.1,14.7,8.3
1986,MB,Manitoba,7.6,500.7,66.7,11.6,6.6
1986,NB,New Brunswick,14.4,271.0,57.8,22.6,12.4
1986,NL,Newfoundland and Labrador,18.8,187.1,54.3,29.4,15.8
1986,NS,Nova Scotia,13.3,350.5,59.9,20.5,11.5
1986,ON,Ontario,7.0,4733.9,68.8,11.2,5.8
1986,PE,Prince Edward Island,13.0,52.3,62.6,17.4,11.9
1986,QC,Quebec,11.0,2933.5,62.9,16.3,9.6
1986,SK,Saskatchewan,7.7,463.1,66.8,13.2,6.5
1987,AB,Alberta,9.6,1187.7,72.4,14.5,8.2
1987,BC,British Columbia,12.1,1377.7,66.1,18.2,10.5
1987,CA,Canada,8.8,12333.0,66.5,13.2,7.7
1987,MB,Manitoba,7.5,505.2,66.7,11.7,6.3
1987,NB,New Brunswick,13.2,280.3,58.5,20.0,11.7
1987,NL,Newfoundland and Labrador,17.8,190.3,54.2,28.1,15.1
1987,NS,Nova Scotia,12.0,359.0,60.0,18.3,10.5
1987,ON,Ontario,6.1,4895.6,69.1,9.5,5.2
1987,PE,Prince Edward Island,12.3,53.4,63.2,16.8,11.4
1987,QC,Quebec,10.2,3022.1,63.6,14.3,9.2
1987,SK,Saskatchewan,7.3,461.9,66.3,12.2,6.4
1988,AB,Alberta,8.0,1222.3,72.7,12.3,6.9
1988,BC,British Columbia,10.3,1434.6,66.1,14.7,9.1
1988,CA,Canada,7.8,12709.6,66.8,11.5,6.9
1988,MB,Manitoba,7.7,506.3,66.8,12.4,6.7
1988,NB,New Brunswick,11.8,291.0,59.2,18.1,10.2
1988,NL,Newfoundland and Labrador,16.2,199.7,55.3,25.2,13.8
1988,NS,Nova Scotia,10.2,373.7,60.7,15.6,9.0
1988,ON,Ontario,5.0,5083.1,69.6,7.9,4.3
1988,PE,Prince Edward Island,12.2,54.6,64.2,15.8,11.9
1988,QC,Quebec,9.5,3081.4,63.8,13.0,8.8
1988,SK,Saskatchewan,7.3,462.8,66.7,12.7,6.2
1989,AB,Alberta,7.2,1251.3,72.7,10.3,6.5
1989,BC,British Columbia,9.1,1508.3,67.0,12.6,8.1
1989,CA,Canada,7.5,12996.2,67.3,10.9,6.8
1989,MB,Manitoba,7.5,512.7,67.4,11.6,6.5
1989,NB,New Brunswick,12.1,296.8,60.0,18.1,10.5
1989,NL,Newfoundland and Labrador,15.5,206.3,56.0,23.7,13.5
1989,NS,Nova Scotia,9.9,381.6,61.3,15.0,8.7
1989,ON,Ontario,5.0,5199.0,70.0,7.7,4.4
1989,PE,Prince Edward Island,13.7,55.0,65.3,18.4,13.0
1989,QC,Quebec,9.6,3128.8,64.2,13.2,8.9
1989,SK,Saskatchewan,7.3,456.4,66.4,11.9,6.7
1990,AB,Alberta,6.9,1276.8,72.5,10.5,6.1
1990,BC,British Columbia,8.4,1559.6,66.9,12.7,7.6
1990,CA,Canada,8.1,13086.4,67.1,12.3,7.3
1990,MB,Manitoba,7.4,513.8,67.3,12.7,6.2
1990,NB,New Brunswick,12.1,300.3,60.0,18.9,10.5
1990,NL,Newfoundland and Labrador,17.0,206.9,56.7,25.1,14.9
1990,NS,Nova Scotia,10.7,385.3,61.9,15.5,9.7
1990,ON,Ontario,6.2,5194.1,69.5,10.0,5.5
1990,PE,Prince Edward Island,14.4,55.1,65.6,18.5,13.9
1990,QC,Quebec,10.4,3140.3,64.2,14.6,9.7
1990,SK,Saskatchewan,7.0,454.2,66.6,11.7,6.2
1991,AB,Alberta,8.2,1284.4,72.6,11.7,7.6
1991,BC,British Columbia,9.9,1577.5,66.9,14.6,8.9
1991,CA,Canada,10.3,12857.4,66.6,15.8,9.2
1991,MB,Manitoba,8.6,506.8,67.0,14.3,7.3
1991,NB,New Brunswick,12.7,295.2,58.8,20.1,11.2
1991,NL,Newfoundland and Labrador,18.0,204.7,56.2,27.8,15.7
1991,NS,Nova Scotia,12.1,380.6,61.6,19.5,10.4
1991,ON,Ontario,9.5,5017.1,68.5,15.1,8.5
1991,PE,Prince Edward Island,16.5,53.4,65.1,20.6,16.0
1991,QC,Quebec,12.1,3084.4,63.6,18.2,11.0
1991,SK,Saskatchewan,7.4,453.3,66.9,13.0,6.3
1992,AB,Alberta,9.5,1280.0,72.2,13.8,8.7
1992,BC,British Columbia,10.1,1617.2,66.9,15.6,9.1
1992,CA,Canada,11.2,12730.9,65.7,17.2,10.0
1992,MB,Manitoba,9.3,499.9,66.5,15.4,7.8
1992,NB,New Brunswick,13.0,296.9,58.9,20.7,11.5
1992,NL,Newfoundland and Labrador,20.0,194.9,54.4,29.6,17.6
1992,NS,Nova Scotia,13.1,368.9,60.0,20.2,11.7
1992,ON,Ontario,10.8,4932.9,67.3,17.7,9.4
1992,PE,Prince Edward Island,17.6,53.7,65.6,22.7,16.8
1992,QC,Quebec,12.7,3038.6,62.6,17.7,11.8
1992,SK,Saskatchewan,8.0,448.0,66.5,14.3,7.1
1993,AB,Alberta,9.6,1288.7,71.8,13.3,8.8
1993,BC,British Columbia,9.7,1668.0,66.7,13.9,8.7
1993,CA,Canada,11.4,12792.7,65.3,17.2,10.3
1993,MB,Manitoba,9.3,503.8,66.9,14.8,8.3
1993,NB,New Brunswick,12.6,299.9,58.9,19.7,11.0
1993,NL,Newfoundland and Labrador,20.1,193.8,53.9,30.8,17.7
1993,NS,Nova Scotia,14.3,366.5,60.0,21.5,13.0
1993,ON,Ontario,10.9,4938.0,66.7,17.7,9.7
1993,PE,Prince Edward Island,16.9,54.6,65.2,21.9,16.4
1993,QC,Quebec,13.2,3030.9,62.3,18.8,12.2
1993,SK,Saskatchewan,8.3,448.5,66.5,14.2,7.5
1994,AB,Alberta,8.8,1324.5,72.0,12.6,7.9
1994,BC,British Columbia,9.1,1743.2,67.1,14.5,8.1
1994,CA,Canada,10.4,13058.7,65.2,15.9,9.4
1994,MB,Manitoba,8.8,507.7,66.7,14.9,7.4
1994,NB,New Brunswick,12.5,298.6,58.4,18.8,11.4
1994,NL,Newfoundland and Labrador,20.0,193.5,53.8,29.7,18.0
1994,NS,Nova Scotia,13.5,372.6,60.1,22.1,11.7
1994,ON,Ontario,9.6,5013.6,65.9,15.7,8.5
1994,PE,Prince Edward Island,16.5,55.7,65.4,20.0,15.8
1994,QC,Quebec,12.3,3094.8,62.5,16.9,11.4
1994,SK,Saskatchewan,6.9,454.5,66.1,12.5,6.0
1995,AB,Alberta,7.8,1364.9,72.3,11.8,7.0
1995,BC,British Columbia,8.5,1785.6,66.3,14.0,7.4
1995,CA,Canada,9.5,13295.4,64.8,14.8,8.5
1995,MB,Manitoba,7.3,516.5,66.6,12.1,6.2
1995,NB,New Brunswick,11.4,307.5,59.1,17.7,10.3
1995,NL,Newfoundland and Labrador,18.0,194.4,53.1,27.1,16.2
1995,NS,Nova Scotia,12.2,375.9,59.4,19.0,10.8
1995,ON,Ontario,8.7,5100.0,65.5,14.7,7.7
1995,PE,Prince Edward Island,14.8,57.2,65.0,18.6,14.2
1995,QC,Quebec,11.5,3135.3,62.2,16.1,10.5
1995,SK,Saskatchewan,6.7,458.0,66.0,11.8,6.1
1996,AB,Alberta,6.9,1405.6,72.3,11.5,5.8
1996,BC,British Columbia,8.7,1813.4,65.6,14.2,7.8
1996,CA,Canada,9.6,13420.1,64.7,15.4,8.6
1996,MB,Manitoba,7.2,517.7,66.4,12.0,6.2
1996,NB,New Brunswick,11.6,305.8,58.7,18.5,10.1
1996,NL,Newfoundland and Labrador,18.9,188.8,52.5,27.9,17.0
1996,NS,Nova Scotia,12.4,376.8,59.4,17.7,11.3
1996,ON,Ontario,9.0,5165.9,65.6,14.9,8.1
1996,PE,Prince Edward Island,14.6,58.8,66.1,17.4,14.0
1996,QC,Quebec,11.8,3132.7,61.9,18.4,10.7
1996,SK,Saskatchewan,6.6,454.6,65.3,11.9,5.8
1997,AB,Alberta,5.9,1453.2,72.2,10.9,4.8
1997,BC,British Columbia,8.5,1859.9,65.6,15.3,7.2
1997,CA,Canada,9.1,13708.2,64.9,16.3,7.8
1997,MB,Manitoba,6.5,524.9,66.6,11.6,5.3
1997,NB,New Brunswick,12.6,310.1,59.9,20.4,11.2
1997,NL,Newfoundland and Labrador,18.1,189.6,52.7,26.1,16.8
1997,NS,Nova Scotia,12.1,382.3,59.7,20.6,10.5
1997,ON,Ontario,8.4,5290.7,65.8,16.5,7.0
1997,PE,Prince Edward Island,15.3,58.6,65.8,17.2,15.2
1997,QC,Quebec,11.4,3174.5,62.1,19.3,10.1
1997,SK,Saskatchewan,5.9,464.4,66.2,10.3,5.1
1998,AB,Alberta,5.6,1508.9,72.6,10.2,4.6
1998,BC,British Columbia,8.8,1857.7,64.9,17.4,7.5
1998,CA,Canada,8.3,14047.0,65.1,15.1,7.1
1998,MB,Manitoba,5.5,534.8,67.0,10.6,4.5
1998,NB,New Brunswick,12.2,316.1,60.6,18.1,10.9
1998,NL,Newfoundland and Labrador,17.6,193.7,54.2,27.4,16.1
1998,NS,Nova Scotia,10.5,395.9,60.5,19.0,8.7
1998,ON,Ontario,7.2,5453.9,65.9,14.5,5.9
1998,PE,Prince Edward Island,13.9,59.6,65.6,16.8,13.3
1998,QC,Quebec,10.3,3257.7,62.6,17.3,9.0
1998,SK,Saskatchewan,5.8,468.7,66.5,10.9,4.9
1999,AB,Alberta,5.7,1543.2,72.6,11.9,4.5
1999,BC,British Columbia,8.3,1893.7,65.1,14.3,7.3
1999,CA,Canada,7.6,14402.0,65.5,14.1,6.4
1999,MB,Manitoba,5.6,541.8,67.5,10.3,4.7
1999,NB,New Brunswick,10.2,325.7,60.8,16.4,9.0
1999,NL,Newfoundland and Labrador,16.7,201.9,56.2,26.8,15.0
1999,NS,Nova Scotia,9.6,403.7,60.8,18.2,7.9
1999,ON,Ontario,6.3,5635.3,66.5,13.2,5.2
1999,PE,Prince Edward Island,14.3,60.3,66.2,17.6,13.3
1999,QC,Quebec,9.3,3326.6,62.8,15.8,8.1
1999,SK,Saskatchewan,6.0,469.6,66.8,11.8,5.1
2000,AB,Alberta,5.0,1583.1,72.2,10.6,3.7
2000,BC,British Columbia,7.2,1930.8,64.8,13.8,6.1
2000,CA,Canada,6.8,14760.1,65.8,12.7,5.7
2000,MB,Manitoba,5.0,552.2,67.9,9.3,4.1
2000,NB,New Brunswick,10.0,331.6,61.6,15.7,8.8
2000,NL,Newfoundland and Labrador,16.6,198.8,55.5,25.4,15.0
2000,NS,Nova Scotia,9.1,411.7,61.2,15.8,7.8
2000,ON,Ontario,5.7,5814.9,67.0,11.8,4.6
2000,PE,Prince Edward Island,12.0,62.8,66.8,14.6,11.6
2000,QC,Quebec,8.5,3401.5,63.1,14.0,7.5
2000,SK,Saskatchewan,5.1,472.9,66.7,10.5,4.2
2001,AB,Alberta,4.7,1627.4,72.3,9.2,3.8
2001,BC,British Columbia,7.7,1920.9,64.0,14.0,6.7
2001,CA,Canada,7.2,14932.3,65.9,12.9,6.2
2001,MB,Manitoba,5.0,549.9,67.7,9.8,4.0
2001,NB,New Brunswick,11.1,330.0,61.9,17.0,9.7
2001,NL,Newfoundland and Labrador,16.0,203.7,56.8,24.6,14.3
2001,NS,Nova Scotia,9.7,415.4,62.0,17.6,8.3
2001,ON,Ontario,6.3,5921.3,67.3,12.5,5.2
2001,PE,Prince Edward Island,11.9,63.8,67.1,16.2,10.8
2001,QC,Quebec,8.8,3441.3,63.6,13.6,7.8
2001,SK,Saskatchewan,5.8,458.6,65.6,11.6,4.7
2002,AB,Alberta,5.3,1673.8,72.9,10.6,4.3
2002,BC,British Columbia,8.5,1952.4,65.0,15.1,7.5
2002,CA,Canada,7.7,15291.3,66.9,13.6,6.6
2002,MB,Manitoba,5.1,563.3,68.9,10.1,3.8
2002,NB,New Brunswick,10.1,341.9,63.3,15.2,9.0
2002,NL,Newfoundland and Labrador,16.7,206.5,58.2,22.7,15.6
2002,NS,Nova Scotia,9.6,422.5,62.6,17.9,8.0
2002,ON,Ontario,7.1,6034.2,67.8,13.9,5.9
2002,PE,Prince Edward Island,11.9,64.7,67.6,15.6,11.2
2002,QC,Quebec,8.7,3564.3,65.2,13.6,7.6
2002,SK,Saskatchewan,5.7,467.7,66.9,10.9,4.7
2003,AB,Alberta,5.1,1729.0,73.5,9.3,4.2
2003,BC,British Columbia,8.0,1998.1,65.5,14.5,6.8
2003,CA,Canada,7.6,15660.8,67.6,13.6,6.4
2003,MB,Manitoba,4.9,566.5,68.6,9.5,4.1
2003,NB,New Brunswick,10.2,341.7,63.1,16.2,9.0
2003,NL,Newfoundland and Labrador,16.5,210.7,59.1,23.8,14.9
2003,NS,Nova Scotia,9.1,431.3,63.0,15.7,7.7
2003,ON,Ontario,6.9,6212.9,68.5,14.4,5.7
2003,PE,Prince Edward Island,10.9,66.1,67.8,14.1,10.0
2003,QC,Quebec,9.1,3628.8,66.1,14.1,8.1
2003,SK,Saskatchewan,5.6,475.9,67.8,10.9,4.7
2004,AB,Alberta,4.7,1774.8,73.5,8.5,4.0
2004,BC,British Columbia,7.2,2028.3,65.3,13.6,6.0
2004,CA,Canada,7.2,15915.0,67.5,13.4,6.0
2004,MB,Manitoba,5.3,572.6,68.9,11.0,4.3
2004,NB,New Brunswick,9.8,348.1,63.8,15.3,8.8
2004,NL,Newfoundland and Labrador,15.6,213.2,59.1,22.7,14.6
2004,NS,Nova Scotia,8.8,441.7,63.9,15.1,7.6
2004,ON,Ontario,6.8,6314.3,68.4,14.1,5.4
2004,PE,Prince Edward Island,11.2,66.6,67.9,16.9,10.0
2004,QC,Quebec,8.5,3675.8,65.9,14.6,7.4
2004,SK,Saskatchewan,5.3,479.8,67.8,10.5,4.3
2005,AB,Alberta,4.0,1820.4,72.7,7.3,3.3
2005,BC,British Columbia,5.9,2089.7,65.4,10.1,5.1
2005,CA,Canada,6.8,16123.5,67.1,12.4,5.8
2005,MB,Manitoba,4.7,576.5,68.4,9.7,3.8
2005,NB,New Brunswick,9.7,346.5,63.2,14.8,8.6
2005,NL,Newfoundland and Labrador,15.2,212.3,58.7,21.6,14.0
2005,NS,Nova Scotia,8.4,442.1,63.4,15.0,7.1
2005,ON,Ontario,6.6,6381.0,68.0,13.9,5.4
2005,PE,Prince Edward Island,10.9,67.7,68.1,16.7,9.3
2005,QC,Quebec,8.2,3705.5,65.6,13.4,7.4
2005,SK,Saskatchewan,5.1,481.8,67.9,10.1,4.0
2006,AB,Alberta,3.6,1916.6,73.6,6.9,2.9
2006,BC,British Columbia,4.9,2153.4,65.8,8.5,4.2
2006,CA,Canada,6.5,16413.7,67.2,11.6,5.5
2006,MB,Manitoba,4.5,583.4,68.5,9.3,3.4
2006,NB,New Brunswick,9.2,349.7,63.5,14.3,8.1
2006,NL,Newfoundland and Labrador,15.0,214.4,59.3,22.1,13.7
2006,NS,Nova Scotia,8.2,440.2,62.8,13.7,7.1
2006,ON,Ontario,6.4,6460.5,67.7,12.9,5.2
2006,PE,Prince Edward Island,11.5,68.0,68.6,14.8,10.6
2006,QC,Quebec,8.3,3736.0,65.4,13.6,7.3
2006,SK,Saskatchewan,4.7,491.6,68.8,8.9,3.8
2007,AB,Alberta,3.7,1994.4,74.5,7.1,2.9
2007,BC,British Columbia,4.4,2211.3,66.2,7.7,3.7
2007,CA,Canada,6.2,16756.8,67.5,11.0,5.2
2007,MB,Manitoba,4.6,593.1,69.1,9.4,3.5
2007,NB,New Brunswick,7.7,357.8,63.8,11.9,6.9
2007,NL,Newfoundland and Labrador,13.7,218.0,59.4,19.4,12.5
2007,NS,Nova Scotia,8.2,446.3,63.5,13.1,7.3
2007,ON,Ontario,6.4,6537.3,67.7,12.6,5.3
2007,PE,Prince Edward Island,10.6,68.2,67.8,14.2,9.5
2007,QC,Quebec,7.4,3824.1,65.6,12.4,6.5
2007,SK,Saskatchewan,4.4,506.3,69.7,7.9,3.6
2008,AB,Alberta,3.8,2050.3,74.8,7.7,3.0
2008,BC,British Columbia,4.8,2244.4,66.4,8.6,4.1
2008,CA,Canada,6.3,16996.8,67.6,11.4,5.3
2008,MB,Manitoba,4.3,602.5,69.4,8.8,3.3
2008,NB,New Brunswick,8.7,362.1,65.0,14.3,7.4
2008,NL,Newfoundland and Labrador,13.3,221.5,59.7,18.7,11.9
2008,NS,Nova Scotia,7.9,451.8,63.9,13.8,6.8
2008,ON,Ontario,6.6,6600.7,67.6,13.4,5.4
2008,PE,Prince Edward Island,11.2,68.8,68.4,16.2,9.8
2008,QC,Quebec,7.4,3876.0,65.6,11.6,6.5
2008,SK,Saskatchewan,4.2,518.7,70.1,7.6,3.6
2009,AB,Alberta,6.8,2030.2,74.6,12.3,5.8
2009,BC,British Columbia,7.8,2202.0,66.2,13.8,6.8
2009,CA,Canada,8.5,16755.4,67.3,15.1,7.3
2009,MB,Manitoba,5.4,600.1,69.2,10.1,4.4
2009,NB,New Brunswick,9.0,361.9,64.7,14.4,7.6
2009,NL,Newfoundland and Labrador,15.8,215.6,59.2,22.2,13.5
2009,NS,Nova Scotia,9.4,450.7,64.5,17.0,8.2
2009,ON,Ontario,9.2,6444.7,67.1,17.1,7.9
2009,PE,Prince Edward Island,12.0,68.5,67.9,17.6,10.6
2009,QC,Quebec,8.8,3854.5,65.3,15.0,7.5
2009,SK,Saskatchewan,5.1,527.1,70.6,9.9,4.2
2010,AB,Alberta,6.6,2029.1,73.2,11.0,5.9
2010,BC,British Columbia,7.8,2221.7,65.8,13.9,7.1
2010,CA,Canada,8.2,16978.2,67.1,14.6,7.1
2010,MB,Manitoba,5.4,610.2,69.5,11.0,4.4
2010,NB,New Brunswick,9.4,359.4,64.2,16.0,7.8
2010,NL,Newfoundland and Labrador,14.9,224.5,60.3,21.4,12.9
2010,NS,Nova Scotia,9.6,452.5,64.5,16.0,8.6
2010,ON,Ontario,8.8,6547.4,67.0,16.9,7.4
2010,PE,Prince Edward Island,11.5,70.1,68.0,15.9,10.2
2010,QC,Quebec,8.2,3928.1,65.3,13.8,7.2
2010,SK,Saskatchewan,5.3,535.1,70.6,9.5,4.6
2011,AB,Alberta,5.6,2101.1,73.8,10.7,4.5
2011,BC,British Columbia,7.6,2229.7,65.2,13.8,6.7
2011,CA,Canada,7.7,17219.6,66.8,14.0,6.5
2011,MB,Manitoba,5.5,615.5,69.3,11.5,4.5
2011,NB,New Brunswick,9.6,356.4,63.5,17.1,7.9
2011,NL,Newfoundland and Labrador,13.1,232.8,60.8,20.5,10.8
2011,NS,Nova Scotia,9.0,456.0,64.3,16.3,7.6
2011,ON,Ontario,8.0,6647.6,66.7,15.6,6.8
2011,PE,Prince Edward Island,11.2,72.2,68.6,14.0,10.4
2011,QC,Quebec,8.0,3967.4,65.1,13.2,6.9
2011,SK,Saskatchewan,5.0,540.9,70.0,10.0,4.1
2012,AB,Alberta,4.7,2166.1,73.7,8.6,3.9
2012,BC,British Columbia,6.9,2283.6,65.3,13.0,5.8
2012,CA,Canada,7.4,17431.6,66.7,14.0,6.2
2012,MB,Manitoba,5.4,620.7,68.9,10.9,4.4
2012,NB,New Brunswick,10.5,354.4,63.5,17.8,8.9
2012,NL,Newfoundland and Labrador,12.7,240.0,62.1,18.3,10.9
2012,NS,Nova Scotia,9.3,457.3,64.6,17.8,7.8
2012,ON,Ontario,8.0,6685.4,66.2,16.7,6.6
2012,PE,Prince Edward Island,11.2,73.0,69.0,17.6,9.0
2012,QC,Quebec,7.9,4000.4,65.1,13.2,6.9
2012,SK,Saskatchewan,4.9,550.8,70.1,9.5,4.1
2013,AB,Alberta,4.6,2215.0,73.3,8.5,3.8
2013,BC,British Columbia,6.7,2305.0,64.8,12.7,5.7
2013,CA,Canada,7.2,17667.7,66.7,13.3,6.0
2013,MB,Manitoba,5.5,626.1,68.7,10.3,4.6
2013,NB,New Brunswick,10.4,357.0,63.7,17.0,9.1
2013,NL,Newfoundland and Labrador,11.9,242.0,61.8,17.0,9.9
2013,NS,Nova Scotia,9.1,453.4,64.1,17.6,7.6
2013,ON,Ontario,7.6,6790.9,66.3,15.6,6.3
2013,PE,Prince Edward Island,11.5,73.9,70.0,17.4,9.9
2013,QC,Quebec,7.8,4038.8,65.3,12.8,6.7
2013,SK,Saskatchewan,4.2,565.7,70.4,7.6,3.6
2014,AB,Alberta,4.8,2250.3,72.8,9.3,4.0
2014,BC,British Columbia,6.2,2330.3,64.1,11.4,5.3
2014,CA,Canada,7.0,17738.5,66.2,13.3,5.9
2014,MB,Manitoba,5.5,628.2,68.2,10.7,4.5
2014,NB,New Brunswick,10.1,357.4,63.4,16.9,8.4
2014,NL,Newfoundland and Labrador,12.4,239.9,61.4,16.1,10.7
2014,NS,Nova Scotia,9.1,446.9,63.2,17.4,7.6
2014,ON,Ontario,7.4,6823.4,65.9,15.3,6.1
2014,PE,Prince Edward Island,10.7,73.3,68.8,16.4,8.7
2014,QC,Quebec,7.9,4020.2,64.8,13.2,6.8
2014,SK,Saskatchewan,3.9,568.5,69.8,7.5,3.4
2015,AB,Alberta,6.1,2263.0,73.3,10.4,5.5
2015,BC,British Columbia,6.2,2375.0,64.1,11.1,5.2
2015,CA,Canada,7.0,17857.2,66.1,12.8,5.9
2015,MB,Manitoba,5.7,637.9,68.7,11.3,4.8
2015,NB,New Brunswick,10.1,354.7,62.8,17.1,8.4
2015,NL,Newfoundland and Labrador,13.1,240.1,61.8,16.5,11.3
2015,NS,Nova Scotia,8.9,443.7,62.6,15.2,7.5
2015,ON,Ontario,6.8,6862.7,65.3,14.4,5.6
2015,PE,Prince Edward Island,10.7,72.7,68.1,15.3,9.1
2015,QC,Quebec,7.7,4041.9,64.9,12.2,6.7
2015,SK,Saskatchewan,5.2,565.5,69.9,9.9,4.6
2016,AB,Alberta,8.2,2198.3,72.3,12.8,7.2
2016,BC,British Columbia,6.1,2464.7,65.2,10.1,5.4
2016,CA,Canada,7.1,17966.9,65.8,12.6,6.1
2016,MB,Manitoba,6.1,638.0,68.0,12.5,5.0
2016,NB,New Brunswick,9.7,357.6,62.8,14.4,8.1
2016,NL,Newfoundland and Labrador,13.7,235.1,60.7,16.6,12.0
2016,NS,Nova Scotia,8.4,441.9,61.7,14.0,7.4
2016,ON,Ontario,6.6,6934.5,65.0,13.4,5.5
2016,PE,Prince Edward Island,10.8,72.1,66.6,14.4,9.1
2016,QC,Quebec,7.2,4063.6,64.6,12.2,6.3
2016,SK,Saskatchewan,6.5,561.1,69.7,11.4,5.7
2017,AB,Alberta,8.0,2218.4,72.1,13.1,6.8
2017,BC,British Columbia,5.3,2562.9,66.1,8.5,4.6
2017,CA,Canada,6.4,18372.2,66.0,11.2,5.6
2017,MB,Manitoba,5.3,648.8,67.6,10.9,4.4
2017,NB,New Brunswick,8.3,359.4,61.9,13.1,6.9
2017,NL,Newfoundland and Labrador,15.2,226.8,59.5,17.4,13.3
2017,NS,Nova Scotia,8.7,444.8,61.7,16.4,7.3
2017,ON,Ontario,6.1,7109.2,65.2,11.7,5.2
2017,PE,Prince Edward Island,10.0,74.2,66.8,12.9,8.7
2017,QC,Quebec,6.1,4165.1,64.9,9.8,5.5
2017,SK,Saskatchewan,6.4,562.5,69.2,11.8,5.6
2018,AB,Alberta,6.5,2279.3,71.8,11.6,5.5
2018,BC,British Columbia,4.6,2609.9,65.7,7.5,4.1
2018,CA,Canada,5.8,18706.6,65.8,10.6,5.0
2018,MB,Manitoba,6.0,653.6,67.6,10.8,5.1
2018,NB,New Brunswick,8.1,359.9,61.5,12.5,6.8
2018,NL,Newfoundland and Labrador,14.0,228.0,59.1,18.7,12.1
2018,NS,Nova Scotia,7.9,451.1,61.3,15.1,6.5
2018,ON,Ontario,5.7,7240.4,64.9,11.7,4.7
2018,PE,Prince Edward Island,9.9,76.1,67.2,12.8,8.6
2018,QC,Quebec,5.5,4243.2,65.0,9.0,4.7
2018,SK,Saskatchewan,6.1,565.2,68.8,11.6,5.4
2019,AB,Alberta,6.9,2305.5,71.8,12.2,5.7
2019,BC,British Columbia,4.8,2681.1,66.5,9.2,4.0
2019,CA,Canada,5.7,19070.8,66.0,10.7,4.7
2019,MB,Manitoba,5.3,661.6,67.1,10.7,4.4
2019,NB,New Brunswick,8.2,361.7,61.4,12.4,6.6
2019,NL,Newfoundland and Labrador,12.2,231.3,58.7,17.6,10.2
2019,NS,Nova Scotia,7.5,463.8,61.9,13.5,6.4
2019,ON,Ontario,5.5,7412.9,65.2,11.7,4.6
2019,PE,Prince Edward Island,9.0,78.1,66.7,10.4,7.7
2019,QC,Quebec,5.1,4300.3,65.1,8.3,4.3
2019,SK,Saskatchewan,5.5,574.5,69.0,11.3,4.9
2020,AB,Alberta,11.4,2137.1,68.9,24.4,9.1
2020,BC,British Columbia,9.1,2527.3,64.5,18.9,7.6
2020,CA,Canada,9.7,18068.5,64.4,20.1,7.9
2020,MB,Manitoba,8.1,635.6,65.7,16.3,6.7
2020,NB,New Brunswick,10.4,351.5,60.6,18.7,8.2
2020,NL,Newfoundland and Labrador,14.3,217.3,56.4,21.1,11.5
2020,NS,Nova Scotia,9.9,447.2,60.4,16.7,8.5
2020,ON,Ontario,9.8,7043.4,63.7,22.1,7.9
2020,PE,Prince Edward Island,10.6,76.2,64.7,16.4,9.3
2020,QC,Quebec,8.9,4087.5,63.9,16.6,7.3
2020,SK,Saskatchewan,8.3,545.3,67.3,17.5,7.0
2021,AB,Alberta,8.6,2245.9,69.7,14.9,7.2
2021,BC,British Columbia,6.6,2683.9,65.9,12.3,5.2
2021,CA,Canada,7.5,18964.1,65.5,13.5,6.2
2021,MB,Manitoba,6.5,664.0,66.8,11.5,5.6
2021,NB,New Brunswick,9.3,364.6,61.4,13.2,7.8
2021,NL,Newfoundland and Labrador,13.0,225.1,57.5,18.3,10.5
2021,NS,Nova Scotia,8.6,475.5,62.5,14.1,7.1
2021,ON,Ontario,8.1,7404.8,65.2,15.9,6.7
2021,PE,Prince Edward Island,9.8,80.0,65.8,14.1,8.4
2021,QC,Quebec,6.1,4261.8,64.3,9.6,5.2
2021,SK,Saskatchewan,6.5,558.3,67.5,11.7,5.5
2022,AB,Alberta,5.8,2356.0,69.6,11.0,4.7
2022,BC,British Columbia,4.6,2775.7,65.5,8.9,4.0
2022,CA,Canada,5.3,19739.5,65.5,10.0,4.3
2022,MB,Manitoba,4.5,687.9,66.7,8.3,3.6
2022,NB,New Brunswick,7.2,375.6,60.5,11.9,5.7
2022,NL,Newfoundland and Labrador,11.3,234.2,58.3,14.6,8.9
2022,NS,Nova Scotia,6.6,492.1,61.8,11.4,5.3
2022,ON,Ontario,5.6,7764.1,65.4,11.4,4.6
2022,PE,Prince Edward Island,7.7,84.1,65.3,11.7,5.5
2022,QC,Quebec,4.3,4392.0,64.4,7.6,3.5
2022,SK,Saskatchewan,4.6,577.8,67.7,8.1,4.0
2023,AB,Alberta,5.9,2442.6,69.5,12.2,4.9
2023,BC,British Columbia,5.2,2847.9,65.8,9.6,4.5
2023,CA,Canada,5.4,20334.8,65.8,10.7,4.5
2023,MB,Manitoba,4.9,706.8,67.1,9.5,4.1
2023,NB,New Brunswick,6.6,388.6,60.4,11.7,5.1
2023,NL,Newfoundland and Labrador,9.9,238.3,57.6,14.6,7.8
2023,NS,Nova Scotia,6.4,505.3,61.5,12.0,5.2
2023,ON,Ontario,5.6,8006.1,65.6,12.5,4.7
2023,PE,Prince Edward Island,7.2,89.3,66.2,11.5,5.9
2023,QC,Quebec,4.5,4522.8,65.3,7.4,3.8
2023,SK,Saskatchewan,4.7,587.0,67.2,9.6,4.1
2024,AB,Alberta,7.0,2518.9,69.2,14.5,5.7
2024,BC,British Columbia,5.6,2914.0,65.2,11.4,4.9
2024,CA,Canada,6.3,20730.5,65.5,13.1,5.4
2024,MB,Manitoba,5.4,724.4,66.8,10.6,4.4
2024,NB,New Brunswick,7.0,400.0,60.6,11.7,6.0
2024,NL,Newfoundland and Labrador,10.0,245.0,58.3,14.2,8.3
2024,NS,Nova Scotia,6.5,521.3,61.8,12.1,5.6
2024,ON,Ontario,7.0,8146.1,65.3,15.7,5.8
2024,PE,Prince Edward Island,8.0,92.5,66.5,11.1,6.9
2024,QC,Quebec,5.3,4566.0,64.9,9.5,4.6
2024,SK,Saskatchewan,5.4,602.2,67.4,11.5,4.6
2025,AB,Alberta,7.2,2590.1,68.9,15.7,5.9
2025,BC,British Columbia,6.2,2946.2,65.0,13.4,5.3
2025,CA,Canada,6.8,21028.7,65.3,13.8,5.8
2025,MB,Manitoba,5.9,736.2,66.6,11.9,4.8
2025,NB,New Brunswick,7.1,405.2,60.5,14.9,5.6
2025,NL,Newfoundland and Labrador,10.1,244.8,57.8,16.4,8.4
2025,NS,Nova Scotia,6.6,523.5,61.3,13.0,5.6
2025,ON,Ontario,7.7,8227.0,65.0,16.0,6.7
2025,PE,Prince Edward Island,8.0,93.5,66.0,10.9,6.8
2025,QC,Quebec,5.6,4644.8,64.9,9.7,4.8
2025,SK,Saskatchewan,5.2,617.4,67.4,11.9,4.2
