customer_id,tier,signup_date
1,plus,2020-05-13
2,plus,2021-12-01
3,plus,2020-02-17
4,basic,2020-11-03
5,basic,2022-05-31
6,basic,2021-12-13
7,plus,2020-04-19
8,basic,2021-07-09
9,basic,2020-01-29
10,basic,2023-12-23
11,basic,2020-02-18
12,basic,2023-07-31
13,basic,2023-10-24
14,basic,2022-07-22
15,basic,2020-11-23
16,basic,2021-08-12
17,plus,2022-02-04
18,premium,2020-10-29
19,basic,2020-12-23
20,basic,2022-04-15
21,basic,2021-01-08
22,basic,2020-10-10
23,plus,2023-08-27
24,basic,2021-11-03
25,basic,2023-08-11
26,plus,2020-10-06
27,basic,2023-04-05
28,basic,2023-12-03
29,plus,2020-02-22
30,plus,2021-01-28
31,basic,2020-09-20
32,basic,2021-11-28
33,basic,2023-08-17
34,basic,2020-10-07
35,basic,2020-07-06
36,basic,2020-08-18
37,premium,2023-12-09
38,plus,2021-03-07
39,basic,2021-10-14
40,plus,2022-10-21
41,plus,2020-12-20
42,basic,2023-11-17
43,basic,2021-08-31
44,premium,2020-06-11
45,basic,2022-04-13
46,plus,2020-12-14
47,plus,2021-05-28
48,basic,2022-02-24
49,basic,2021-03-05
50,basic,2021-12-27
51,plus,2021-05-14
52,basic,2020-12-14
53,plus,2023-11-09
54,premium,2022-04-15
55,basic,2022-12-19
56,premium,2023-03-25
57,basic,2022-03-17
58,plus,2021-09-10
59,basic,2022-08-05
60,basic,2021-05-14
61,basic,2022-04-13
62,basic,2023-01-04
63,premium,2023-09-29
64,basic,2023-11-27
65,premium,2021-11-10
66,plus,2023-07-24
67,basic,2021-11-26
68,plus,2023-03-29
69,basic,2023-02-15
70,basic,2021-03-05
71,basic,2023-04-20
72,basic,2021-04-12
73,premium,2020-07-02
74,plus,2023-02-06
75,basic,2023-05-20
76,basic,2022-08-28
77,basic,2022-11-25
78,plus,2023-10-13
79,basic,2021-04-28
80,plus,2020-07-29
81,basic,2020-11-29
82,basic,2020-01-24
83,basic,2021-11-06
84,basic,2023-06-14
85,basic,2022-10-04
86,basic,2022-10-28
87,plus,2022-04-01
88,plus,2023-09-02
89,premium,2020-05-22
90,plus,2023-07-11
91,basic,2023-04-19
92,plus,2021-07-28
93,plus,2023-07-24
94,plus,2023-06-30
95,plus,2022-06-04
96,plus,2020-08-04
97,plus,2023-12-22
98,basic,2023-04-11
99,plus,2022-09-22
100,premium,2021-08-27
101,plus,2022-05-27
102,plus,2023-10-29
103,premium,2022-06-16
104,basic,2021-12-16
105,basic,2023-08-15
106,basic,2024-01-11
107,basic,2021-10-04
108,basic,2023-09-25
109,basic,2021-03-22
110,plus,2022-12-07
111,basic,2023-11-28
112,basic,2020-01-17
113,basic,2020-12-22
114,basic,2023-09-23
115,basic,2020-01-18
116,basic,2021-03-11
117,basic,2023-05-29
118,plus,2020-07-29
119,basic,2022-04-17
120,basic,2023-04-06
121,plus,2022-12-12
122,plus,2023-05-06
123,basic,2024-01-10
124,plus,2023-06-25
125,basic,2020-04-21
126,plus,2023-03-13
127,basic,2022-09-05
128,plus,2020-06-14
129,basic,2022-11-25
130,basic,2021-07-08
131,premium,2020-07-15
132,basic,2021-02-23
133,basic,2020-07-07
134,plus,2022-01-16
135,basic,2024-01-06
136,basic,2024-01-22
137,basic,2020-07-18
138,basic,2020-05-21
139,plus,2020-01-22
140,basic,2020-08-11
141,plus,2022-01-24
142,basic,2023-08-15
143,basic,2020-07-07
144,basic,2023-02-03
145,plus,2020-01-31
146,basic,2022-04-02
147,premium,2021-10-05
148,plus,2024-01-19
149,plus,2021-09-25
150,basic,2023-02-02
151,basic,2023-08-19
152,basic,2023-04-12
153,basic,2020-01-25
154,basic,2021-11-30
155,basic,2023-01-26
156,plus,2020-08-16
157,plus,2022-02-20
158,basic,2020-08-22
159,basic,2021-10-01
160,basic,2020-11-06
161,basic,2021-02-06
162,plus,2023-01-14
163,basic,2023-11-01
164,basic,2023-04-11
165,basic,2023-03-29
166,plus,2024-01-21
167,basic,2022-10-29
168,basic,2020-11-14
169,basic,2020-10-30
170,plus,2020-09-24
171,plus,2021-06-12
172,basic,2023-05-12
173,basic,2021-12-18
174,plus,2023-09-15
175,basic,2023-11-08
176,basic,2024-01-11
177,premium,2022-03-18
178,basic,2020-02-28
179,basic,2021-06-23
180,premium,2022-01-20
181,plus,2022-09-20
182,basic,2023-01-22
183,premium,2023-01-21
184,basic,2020-06-29
185,basic,2023-09-18
186,basic,2023-10-14
187,basic,2022-06-13
188,plus,2023-03-03
189,basic,2020-10-31
190,basic,2020-02-26
191,basic,2020-03-18
192,basic,2022-04-11
193,premium,2020-08-24
194,plus,2020-12-22
195,plus,2023-03-18
196,basic,2020-10-05
197,basic,2020-09-16
198,basic,2023-08-03
199,basic,2020-07-03
200,basic,2023-08-09
201,basic,2022-03-20
202,basic,2020-07-23
203,plus,2024-01-24
204,premium,2020-06-26
205,plus,2023-01-11
206,basic,2021-02-25
207,basic,2020-05-17
208,basic,2020-02-06
209,plus,2023-03-21
210,basic,2021-01-11
211,basic,2020-03-05
212,basic,2020-08-01
213,basic,2021-09-28
214,basic,2022-09-07
215,basic,2022-09-12
216,basic,2022-10-26
217,plus,2023-08-10
218,basic,2023-09-04
219,basic,2020-08-19
220,basic,2020-06-14
221,plus,2022-03-26
222,basic,2024-02-07
223,plus,2021-04-30
224,plus,2022-08-10
225,basic,2020-08-28
226,basic,2020-02-09
227,basic,2023-10-07
228,basic,2020-03-19
229,basic,2022-07-29
230,plus,2022-03-12
231,basic,2022-08-14
232,plus,2022-03-11
233,basic,2023-03-30
234,basic,2023-01-19
235,basic,2023-10-07
236,basic,2021-06-11
237,basic,2020-04-13
238,plus,2020-04-03
239,basic,2022-10-09
240,basic,2020-12-11
241,plus,2020-06-27
242,plus,2020-02-28
243,plus,2021-05-01
244,basic,2020-09-05
245,basic,2020-12-22
246,basic,2023-07-10
247,basic,2023-12-07
248,basic,2021-10-09
249,basic,2022-06-07
250,plus,2022-12-03
251,basic,2023-12-14
252,basic,2021-08-08
253,basic,2024-02-01
254,basic,2023-02-15
255,plus,2021-07-07
256,premium,2023-12-11
257,premium,2022-01-06
258,plus,2023-05-15
259,basic,2023-01-27
260,basic,2020-06-15
261,basic,2023-12-22
262,basic,2023-08-05
263,basic,2022-10-11
264,basic,2021-09-10
265,basic,2021-03-01
266,basic,2023-02-21
267,plus,2020-08-19
268,basic,2023-03-13
269,basic,2023-01-14
270,plus,2020-03-06
271,plus,2021-08-19
272,plus,2021-03-05
273,basic,2023-05-17
274,plus,2023-07-06
275,basic,2021-09-10
276,basic,2023-08-19
277,basic,2023-06-23
278,premium,2021-05-08
279,basic,2021-08-14
280,premium,2022-04-13
281,basic,2020-06-13
282,basic,2020-11-03
283,basic,2023-12-24
284,basic,2020-06-02
285,basic,2020-12-20
286,premium,2024-01-03
287,basic,2023-06-12
288,plus,2021-03-20
289,basic,2021-09-07
290,plus,2021-12-15
291,plus,2023-10-13
292,basic,2020-04-08
293,plus,2022-08-01
294,plus,2023-01-01
295,basic,2024-01-24
296,basic,2020-10-01
297,basic,2022-06-19
298,basic,2021-12-07
299,plus,2023-06-27
300,basic,2022-11-30
301,basic,2023-11-03
302,basic,2021-11-15
303,basic,2023-06-22
304,premium,2021-05-06
305,plus,2023-10-14
306,basic,2020-04-14
307,basic,2022-07-18
308,basic,2020-06-27
309,plus,2023-11-15
310,plus,2023-05-21
311,basic,2020-01-02
312,premium,2021-01-13
313,plus,2022-11-19
314,basic,2020-06-06
315,plus,2021-10-09
316,premium,2022-07-10
317,basic,2023-06-19
318,basic,2023-01-18
319,basic,2021-05-08
320,basic,2023-01-14
321,premium,2021-05-07
322,basic,2021-02-22
323,premium,2022-03-06
324,plus,2020-05-16
325,basic,2020-07-02
326,plus,2023-05-27
327,basic,2021-06-24
328,basic,2023-03-02
329,plus,2022-03-15
330,basic,2020-02-16
331,basic,2021-10-08
332,plus,2020-03-20
333,basic,2022-08-25
334,basic,2023-08-06
335,plus,2023-06-24
336,plus,2021-05-13
337,basic,2023-07-31
338,plus,2021-09-23
339,basic,2021-11-16
340,plus,2021-10-13
341,plus,2020-05-14
342,plus,2020-06-17
343,basic,2020-07-07
344,premium,2021-01-06
345,premium,2021-11-02
346,basic,2021-08-27
347,plus,2021-02-12
348,basic,2021-10-18
349,basic,2023-01-19
350,plus,2020-02-10
351,basic,2021-09-01
352,basic,2023-11-01
353,basic,2020-06-05
354,premium,2024-01-06
355,basic,2023-08-21
356,plus,2020-06-02
357,basic,2023-08-10
358,premium,2022-01-01
359,premium,2022-11-05
360,basic,2023-10-26
361,basic,2022-01-16
362,basic,2023-10-09
363,basic,2021-06-02
364,premium,2020-03-26
365,plus,2021-09-06
366,basic,2021-06-17
367,basic,2023-11-23
368,basic,2021-02-12
369,basic,2023-05-19
370,plus,2020-06-02
371,basic,2021-07-11
372,basic,2021-09-24
373,plus,2022-09-17
374,plus,2020-07-24
375,basic,2023-06-03
376,basic,2020-06-12
377,basic,2023-07-26
378,basic,2021-01-22
379,basic,2023-01-07
380,basic,2021-04-22
381,plus,2022-09-27
382,plus,2022-06-18
383,plus,2020-08-05
384,basic,2023-01-30
385,basic,2022-07-08
386,basic,2020-06-27
387,plus,2021-05-21
388,basic,2021-01-22
389,basic,2020-12-16
390,basic,2021-04-06
391,basic,2020-06-25
392,plus,2022-05-10
393,basic,2020-05-02
394,plus,2020-09-16
395,basic,2023-10-15
396,basic,2020-08-11
397,plus,2021-07-20
398,plus,2023-12-01
399,basic,2023-06-15
400,premium,2022-04-02
401,basic,2020-01-14
402,plus,2022-05-26
403,basic,2020-03-22
404,plus,2020-01-30
405,basic,2022-08-22
406,plus,2024-01-10
407,premium,2022-10-14
408,plus,2020-02-07
409,basic,2024-01-03
410,basic,2020-10-11
411,plus,2022-12-27
412,basic,2023-01-24
413,premium,2022-12-13
414,basic,2021-08-16
415,basic,2021-11-23
416,basic,2020-09-26
417,basic,2021-05-16
418,plus,2021-03-12
419,basic,2022-07-24
420,plus,2023-07-18
421,basic,2024-01-02
422,premium,2020-06-03
423,plus,2020-09-30
424,basic,2020-05-27
425,basic,2023-02-04
426,plus,2023-03-13
427,plus,2020-05-06
428,basic,2020-04-14
429,basic,2022-07-11
430,basic,2023-11-04
431,basic,2020-11-17
432,basic,2020-05-11
433,basic,2023-01-17
434,basic,2023-11-28
435,basic,2020-03-07
436,basic,2022-09-27
437,plus,2024-01-14
438,basic,2021-05-24
439,plus,2023-08-14
440,basic,2023-04-24
441,basic,2021-10-16
442,premium,2024-01-31
443,plus,2021-07-22
444,plus,2023-05-18
445,plus,2023-10-08
446,basic,2023-04-07
447,plus,2021-03-15
448,basic,2022-03-03
449,basic,2020-11-28
450,basic,2020-05-11
451,basic,2023-02-11
452,basic,2023-10-14
453,basic,2022-10-13
454,basic,2020-05-06
455,plus,2020-08-24
456,basic,2022-09-28
457,plus,2021-07-12
458,premium,2023-06-30
459,premium,2021-08-28
460,plus,2022-06-06
461,plus,2023-04-19
462,premium,2024-01-15
463,premium,2021-09-10
464,basic,2023-04-29
465,plus,2021-10-23
466,plus,2022-09-08
467,premium,2022-12-14
468,plus,2021-06-03
469,plus,2021-03-30
470,plus,2020-09-23
471,premium,2020-01-12
472,plus,2022-03-22
473,plus,2022-06-24
474,plus,2023-04-15
475,plus,2023-08-18
476,basic,2022-06-20
477,basic,2021-06-28
478,plus,2022-02-11
479,premium,2023-12-14
480,premium,2023-06-15
481,basic,2022-06-05
482,basic,2021-02-12
483,premium,2021-12-28
484,basic,2021-07-27
485,premium,2023-07-14
486,premium,2021-11-12
487,basic,2021-02-05
488,basic,2021-02-19
489,plus,2021-11-29
490,premium,2021-09-11
491,basic,2022-05-20
492,basic,2021-07-12
493,basic,2023-09-11
494,plus,2020-08-11
495,basic,2021-10-12
496,basic,2020-11-15
497,plus,2021-06-26
498,basic,2020-01-03
499,basic,2020-07-22
500,basic,2023-06-01
501,basic,2021-08-15
502,basic,2020-05-08
503,basic,2020-12-06
504,basic,2020-01-15
505,premium,2020-02-02
506,basic,2023-05-05
507,premium,2023-01-02
508,basic,2021-01-31
509,plus,2021-12-28
510,premium,2023-12-14
511,plus,2022-05-07
512,basic,2020-07-28
513,basic,2020-11-21
514,basic,2023-12-25
515,basic,2023-05-18
516,basic,2022-11-16
517,plus,2020-04-28
518,basic,2021-02-21
519,basic,2023-04-15
520,basic,2021-10-30
521,premium,2020-09-22
522,basic,2023-08-01
523,plus,2023-09-27
524,plus,2021-04-06
525,basic,2020-12-24
526,plus,2023-06-21
527,basic,2022-05-19
528,basic,2022-04-05
529,plus,2023-09-25
530,basic,2020-07-06
531,basic,2020-03-22
532,basic,2020-11-06
533,plus,2023-02-02
534,basic,2023-12-24
535,basic,2021-07-31
536,basic,2021-03-13
537,plus,2021-01-19
538,premium,2023-07-23
539,premium,2021-08-07
540,plus,2023-01-18
541,plus,2021-12-01
542,basic,2023-07-26
543,basic,2020-04-18
544,plus,2022-11-27
545,basic,2023-10-23
546,basic,2021-02-28
547,premium,2021-05-24
548,plus,2021-03-30
549,basic,2020-05-17
550,plus,2023-08-01
551,basic,2020-12-31
552,basic,2022-04-14
553,basic,2023-06-20
554,basic,2021-01-07
555,basic,2021-02-14
556,basic,2022-11-13
557,plus,2023-07-28
558,basic,2020-05-01
559,plus,2024-01-05
560,plus,2022-10-18
561,basic,2023-05-02
562,basic,2023-07-21
563,basic,2022-06-13
564,premium,2022-04-26
565,basic,2020-09-05
566,basic,2021-08-08
567,basic,2023-05-09
568,basic,2021-02-14
569,premium,2023-09-11
570,basic,2022-05-02
571,basic,2023-01-15
572,plus,2020-07-27
573,basic,2021-06-12
574,basic,2021-06-27
575,basic,2024-02-01
576,plus,2020-12-09
577,basic,2021-11-21
578,plus,2023-02-15
579,plus,2021-09-17
580,basic,2021-07-18
581,basic,2023-07-06
582,plus,2020-07-18
583,plus,2022-03-24
584,premium,2023-04-25
585,basic,2022-06-18
586,basic,2022-03-16
587,basic,2022-09-02
588,plus,2021-05-20
589,basic,2022-11-26
590,basic,2022-07-02
591,basic,2023-10-08
592,plus,2023-01-25
593,plus,2023-09-19
594,basic,2020-06-14
595,plus,2022-07-20
596,basic,2022-02-17
597,basic,2021-08-19
598,basic,2021-04-04
599,plus,2020-08-08
600,basic,2021-05-24
601,basic,2021-05-04
602,basic,2022-12-24
603,plus,2020-11-04
604,plus,2023-06-29
605,basic,2023-12-15
606,basic,2023-10-11
607,plus,2021-09-10
608,basic,2020-02-28
609,basic,2021-01-05
610,basic,2020-12-21
611,basic,2023-07-10
612,premium,2023-08-30
613,basic,2023-09-25
614,plus,2021-08-03
615,basic,2022-12-10
616,basic,2024-01-18
617,plus,2020-02-04
618,basic,2021-06-30
619,basic,2023-01-22
620,basic,2023-11-24
621,basic,2023-05-30
622,basic,2023-08-14
623,plus,2023-09-05
624,plus,2022-09-06
625,premium,2023-08-08
626,basic,2022-09-23
627,plus,2021-08-09
628,plus,2022-06-12
629,plus,2020-06-29
630,plus,2020-12-21
631,basic,2020-08-04
632,basic,2022-09-21
633,plus,2021-10-09
634,basic,2020-11-05
635,plus,2023-10-27
636,plus,2023-10-26
637,basic,2020-04-27
638,premium,2021-11-22
639,premium,2023-07-17
640,basic,2021-03-04
641,basic,2022-10-12
642,basic,2020-05-13
643,plus,2020-01-04
644,basic,2023-11-30
645,plus,2023-06-03
646,basic,2023-12-17
647,plus,2021-02-21
648,basic,2023-12-02
649,basic,2020-09-17
650,plus,2023-02-25
651,plus,2023-10-24
652,plus,2023-09-06
653,basic,2022-01-13
654,plus,2021-04-18
655,basic,2023-04-29
656,plus,2020-03-02
657,plus,2020-02-29
658,basic,2023-11-12
659,basic,2024-01-28
660,basic,2023-07-05
661,plus,2021-01-28
662,basic,2022-01-09
663,basic,2021-03-14
664,basic,2022-05-04
665,basic,2020-09-27
666,basic,2020-10-03
667,basic,2020-09-28
668,basic,2023-10-26
669,premium,2020-01-06
670,plus,2020-02-26
671,basic,2021-07-30
672,basic,2023-01-08
673,plus,2022-03-13
674,plus,2021-10-24
675,basic,2021-08-24
676,basic,2020-07-12
677,plus,2022-08-20
678,plus,2022-08-31
679,plus,2021-10-18
680,basic,2020-06-02
681,plus,2022-02-16
682,plus,2021-10-12
683,premium,2020-01-27
684,plus,2022-05-23
685,basic,2022-05-30
686,plus,2022-09-01
687,basic,2020-07-14
688,basic,2021-12-10
689,basic,2023-12-18
690,plus,2022-02-27
691,basic,2024-01-24
692,plus,2021-09-30
693,basic,2023-09-01
694,basic,2021-01-15
695,basic,2020-09-11
696,basic,2020-06-08
697,basic,2020-09-21
698,basic,2021-04-25
699,basic,2021-03-25
700,plus,2023-03-14
701,basic,2023-05-23
702,basic,2022-06-02
703,basic,2020-06-08
704,basic,2020-10-03
705,plus,2024-02-05
706,basic,2023-07-04
707,basic,2021-11-16
708,basic,2021-12-14
709,basic,2020-01-09
710,basic,2021-06-22
711,plus,2023-05-29
712,plus,2020-01-05
713,basic,2020-03-06
714,basic,2021-11-21
715,premium,2021-03-21
716,plus,2023-05-04
717,basic,2020-05-30
718,plus,2020-10-25
719,premium,2020-01-30
720,plus,2023-01-14
721,basic,2022-11-19
722,basic,2021-12-28
723,plus,2020-05-24
724,premium,2020-12-26
725,plus,2020-07-04
726,plus,2020-11-13
727,plus,2022-02-03
728,basic,2020-01-10
729,basic,2021-06-12
730,basic,2020-05-13
731,basic,2023-12-31
732,plus,2021-06-25
733,plus,2022-09-09
734,basic,2023-07-11
735,basic,2021-08-17
736,basic,2021-12-07
737,basic,2022-09-19
738,basic,2021-10-22
739,premium,2021-02-15
740,basic,2020-09-06
741,plus,2023-07-15
742,basic,2022-11-13
743,basic,2022-01-20
744,basic,2022-08-12
745,plus,2022-08-17
746,plus,2023-04-15
747,basic,2023-12-12
748,plus,2020-03-08
749,basic,2020-09-04
750,basic,2023-05-28
751,premium,2020-07-22
752,basic,2023-05-06
753,plus,2020-11-28
754,plus,2020-11-08
755,basic,2022-05-24
756,plus,2023-07-01
757,basic,2020-01-22
758,basic,2021-10-29
759,basic,2021-12-11
760,premium,2021-03-22
761,premium,2020-04-03
762,plus,2020-07-29
763,plus,2022-09-27
764,basic,2023-06-09
765,premium,2021-07-09
766,basic,2022-02-09
767,plus,2020-03-05
768,basic,2021-12-29
769,basic,2020-03-20
770,basic,2021-07-01
771,basic,2022-05-17
772,basic,2020-01-04
773,basic,2022-02-02
774,plus,2022-12-26
775,plus,2021-04-26
776,basic,2022-12-16
777,plus,2020-07-10
778,plus,2023-03-06
779,basic,2020-11-11
780,basic,2022-07-21
781,premium,2022-06-07
782,plus,2022-02-08
783,basic,2022-11-15
784,basic,2023-02-27
785,basic,2021-05-10
786,plus,2020-09-19
787,basic,2020-02-08
788,plus,2022-12-11
789,basic,2020-04-15
790,basic,2022-11-06
791,basic,2020-08-05
792,basic,2021-06-09
793,plus,2022-12-21
794,plus,2020-05-15
795,premium,2020-01-11
796,premium,2020-08-07
797,basic,2020-12-18
798,basic,2023-10-20
799,basic,2020-04-17
800,basic,2023-04-07
801,basic,2022-02-13
802,plus,2022-09-14
803,premium,2023-10-08
804,basic,2023-12-04
805,basic,2022-08-29
806,plus,2022-03-12
807,plus,2020-07-28
808,plus,2020-05-04
809,premium,2022-11-08
810,premium,2023-05-23
811,plus,2023-05-03
812,plus,2022-06-17
813,basic,2023-08-22
814,basic,2020-11-30
815,basic,2023-02-21
816,plus,2021-06-02
817,premium,2021-10-19
818,plus,2023-01-15
819,basic,2020-06-23
820,plus,2022-06-12
821,plus,2021-03-13
822,plus,2020-11-17
823,plus,2020-05-05
824,basic,2023-02-11
825,basic,2021-07-04
826,plus,2020-04-24
827,plus,2022-05-31
828,plus,2022-11-15
829,basic,2021-11-22
830,basic,2023-06-12
831,basic,2022-03-17
832,basic,2022-03-11
833,basic,2023-02-03
834,basic,2020-10-20
835,plus,2022-10-04
836,basic,2022-09-27
837,plus,2022-04-07
838,basic,2023-12-13
839,plus,2020-10-26
840,basic,2021-10-12
841,basic,2023-03-11
842,plus,2024-02-03
843,plus,2020-02-12
844,basic,2023-08-14
845,basic,2023-09-14
846,basic,2022-04-06
847,basic,2022-04-22
848,basic,2021-07-06
849,plus,2021-02-25
850,plus,2022-09-26
851,basic,2021-08-18
852,basic,2020-04-29
853,plus,2022-09-07
854,basic,2023-03-30
855,basic,2020-06-23
856,basic,2022-09-19
857,plus,2022-09-25
858,plus,2020-11-11
859,plus,2023-04-02
860,plus,2022-03-10
861,plus,2021-02-25
862,plus,2022-07-05
863,basic,2023-07-11
864,basic,2023-11-06
865,basic,2020-02-13
866,basic,2022-02-15
867,plus,2020-10-30
868,plus,2022-11-18
869,plus,2023-06-27
870,basic,2021-09-15
871,basic,2020-05-21
872,basic,2021-08-07
873,basic,2021-09-20
874,basic,2022-07-14
875,basic,2024-01-15
876,basic,2021-09-12
877,plus,2020-08-24
878,basic,2023-11-30
879,premium,2020-09-27
880,plus,2020-07-02
881,basic,2024-01-09
882,basic,2023-07-22
883,basic,2023-01-29
884,plus,2020-08-14
885,plus,2021-02-06
886,plus,2022-01-11
887,plus,2020-11-12
888,basic,2021-02-03
889,plus,2023-05-01
890,basic,2022-04-02
891,basic,2022-05-13
892,plus,2022-08-15
893,basic,2024-01-03
894,premium,2023-03-19
895,premium,2020-06-11
896,plus,2023-06-24
897,basic,2021-02-14
898,plus,2022-09-01
899,plus,2020-01-24
900,plus,2020-08-05
901,basic,2020-05-11
902,basic,2020-11-21
903,basic,2020-10-28
904,basic,2021-06-23
905,basic,2020-12-14
906,basic,2022-07-01
907,basic,2022-03-31
908,plus,2021-06-30
909,plus,2023-05-31
910,basic,2020-04-11
911,plus,2023-05-10
912,basic,2021-05-21
913,basic,2022-05-25
914,basic,2020-08-05
915,plus,2021-09-28
916,basic,2020-02-18
917,premium,2021-05-02
918,basic,2023-06-11
919,plus,2024-01-30
920,basic,2022-10-20
921,basic,2023-01-03
922,basic,2022-02-21
923,plus,2021-04-06
924,plus,2023-09-26
925,premium,2021-06-27
926,premium,2020-06-16
927,plus,2021-05-23
928,plus,2020-06-09
929,basic,2022-01-18
930,basic,2022-03-20
931,basic,2020-05-18
932,basic,2020-07-05
933,basic,2022-11-06
934,basic,2023-04-13
935,basic,2020-06-03
936,basic,2021-01-17
937,basic,2022-04-10
938,plus,2020-01-30
939,basic,2023-03-09
940,basic,2020-01-19
941,premium,2024-01-21
942,basic,2023-11-10
943,basic,2020-08-01
944,basic,2023-11-07
945,plus,2023-03-01
946,basic,2021-01-22
947,plus,2020-11-25
948,plus,2021-11-20
949,premium,2023-10-23
950,premium,2023-12-12
951,basic,2023-07-14
952,basic,2022-02-10
953,premium,2021-02-05
954,basic,2023-06-12
955,plus,2022-03-15
956,plus,2021-07-13
957,basic,2021-09-29
958,plus,2021-11-23
959,basic,2022-03-02
960,basic,2024-01-26
961,basic,2020-04-16
962,plus,2021-11-01
963,basic,2022-09-07
964,premium,2023-12-05
965,basic,2023-05-04
966,basic,2020-01-31
967,basic,2020-05-25
968,plus,2021-05-22
969,basic,2023-11-22
970,basic,2023-10-23
971,basic,2020-05-04
972,basic,2020-05-01
973,basic,2021-06-20
974,basic,2020-09-08
975,plus,2021-07-04
976,premium,2021-10-10
977,plus,2020-05-27
978,plus,2022-05-29
979,basic,2023-10-04
980,plus,2020-09-04
981,basic,2020-05-26
982,plus,2023-07-04
983,premium,2020-11-27
984,basic,2020-01-01
985,plus,2022-01-31
986,premium,2020-09-09
987,basic,2022-09-20
988,plus,2022-01-13
989,plus,2020-02-21
990,plus,2021-12-31
991,basic,2023-09-27
992,plus,2022-06-18
993,basic,2021-01-31
994,plus,2020-11-27
995,basic,2024-01-18
996,basic,2023-08-27
997,basic,2021-08-23
998,basic,2022-09-27
999,basic,2022-05-23
1000,basic,2023-08-21
1001,plus,2021-06-10
1002,premium,2022-10-20
1003,basic,2020-08-26
1004,plus,2020-10-23
1005,plus,2023-03-13
1006,basic,2021-10-26
1007,basic,2020-06-26
1008,premium,2023-12-24
1009,basic,2021-06-18
1010,basic,2020-02-14
1011,basic,2021-04-19
1012,premium,2022-07-16
1013,basic,2020-01-31
1014,premium,2020-02-15
1015,basic,2020-03-10
1016,basic,2020-08-23
1017,basic,2022-08-05
1018,basic,2024-01-29
1019,plus,2020-03-23
1020,basic,2022-03-06
1021,plus,2020-09-13
1022,basic,2022-11-30
1023,plus,2021-11-14
1024,plus,2021-03-17
1025,plus,2020-11-27
1026,basic,2024-01-15
1027,basic,2022-06-27
1028,basic,2022-06-15
1029,plus,2022-03-25
1030,plus,2023-10-28
1031,plus,2021-01-25
1032,plus,2021-06-26
1033,basic,2023-03-02
1034,premium,2020-04-05
1035,plus,2023-06-04
1036,basic,2023-03-09
1037,basic,2023-03-18
1038,plus,2021-02-25
1039,basic,2022-06-24
1040,plus,2023-11-13
1041,plus,2021-06-20
1042,plus,2020-03-11
1043,basic,2021-05-31
1044,basic,2020-01-25
1045,basic,2020-07-20
1046,basic,2020-08-14
1047,plus,2020-08-27
1048,premium,2023-10-25
1049,basic,2023-05-13
1050,basic,2020-04-01
1051,premium,2022-08-04
1052,plus,2022-05-20
1053,basic,2022-05-07
1054,basic,2022-02-25
1055,basic,2022-11-29
1056,basic,2023-06-17
1057,plus,2021-06-02
1058,basic,2021-01-14
1059,plus,2021-05-15
1060,basic,2021-10-25
1061,basic,2020-11-26
1062,basic,2020-06-21
1063,plus,2020-07-09
1064,basic,2021-10-05
1065,premium,2020-04-26
1066,plus,2020-05-19
1067,basic,2020-11-09
1068,plus,2020-12-22
1069,plus,2022-03-30
1070,basic,2021-03-15
1071,basic,2023-04-25
1072,plus,2021-04-25
1073,basic,2021-11-14
1074,premium,2021-09-21
1075,basic,2022-06-16
1076,plus,2021-11-09
1077,plus,2020-02-13
1078,basic,2021-12-27
1079,basic,2022-03-20
1080,basic,2022-04-22
1081,plus,2021-04-11
1082,plus,2023-03-10
1083,basic,2022-09-07
1084,basic,2023-03-28
1085,premium,2023-04-27
1086,plus,2023-02-17
1087,basic,2021-05-07
1088,basic,2021-04-05
1089,plus,2021-04-26
1090,basic,2022-07-09
1091,basic,2020-02-02
1092,plus,2021-06-16
1093,basic,2020-05-04
1094,basic,2021-03-24
1095,basic,2021-07-04
1096,plus,2022-05-14
1097,basic,2020-11-26
1098,plus,2021-12-28
1099,basic,2020-01-27
1100,basic,2021-03-09
1101,basic,2021-03-16
1102,basic,2023-09-26
1103,basic,2022-12-20
1104,plus,2023-10-02
1105,basic,2023-04-15
1106,basic,2021-12-25
1107,basic,2020-01-17
1108,basic,2020-11-25
1109,basic,2022-02-03
1110,basic,2022-01-01
1111,basic,2022-05-01
1112,basic,2020-12-19
1113,basic,2020-01-14
1114,basic,2021-06-24
1115,basic,2021-07-14
1116,plus,2021-04-29
1117,basic,2021-05-10
1118,basic,2020-03-10
1119,basic,2023-02-14
1120,basic,2020-07-20
1121,premium,2022-11-09
1122,basic,2023-02-24
1123,basic,2020-03-15
1124,plus,2021-05-27
1125,plus,2020-05-21
1126,plus,2020-10-30
1127,basic,2022-04-14
1128,plus,2021-10-20
1129,plus,2021-07-28
1130,basic,2020-07-28
1131,basic,2020-02-18
1132,basic,2023-10-28
1133,plus,2020-01-03
1134,plus,2021-04-13
1135,plus,2021-02-28
1136,basic,2020-08-23
1137,basic,2022-07-04
1138,premium,2021-09-02
1139,basic,2021-08-04
1140,premium,2020-01-09
1141,plus,2020-02-11
1142,plus,2021-06-22
1143,premium,2023-10-20
1144,basic,2022-12-07
1145,basic,2021-10-11
1146,basic,2023-08-17
1147,plus,2021-07-20
1148,premium,2023-10-31
1149,plus,2021-08-16
1150,basic,2022-04-28
1151,plus,2022-09-10
1152,plus,2021-03-16
1153,plus,2021-01-10
1154,basic,2023-10-29
1155,plus,2020-04-03
1156,plus,2021-10-14
1157,basic,2022-02-02
1158,plus,2021-07-21
1159,basic,2021-10-27
1160,plus,2021-02-11
1161,basic,2023-11-23
1162,basic,2021-06-08
1163,basic,2024-01-06
1164,premium,2023-01-15
1165,plus,2023-01-12
1166,premium,2020-09-30
1167,plus,2023-03-03
1168,plus,2023-06-03
1169,basic,2022-10-24
1170,premium,2021-01-30
1171,plus,2023-12-28
1172,plus,2022-04-03
1173,basic,2023-02-11
1174,plus,2022-06-13
1175,plus,2022-07-13
1176,plus,2023-05-04
1177,plus,2020-02-18
1178,plus,2022-10-19
1179,plus,2020-05-01
1180,premium,2022-11-19
1181,basic,2022-10-02
1182,basic,2023-03-12
1183,plus,2024-02-06
1184,plus,2023-06-19
1185,basic,2021-04-08
1186,plus,2020-06-04
1187,basic,2020-02-05
1188,basic,2021-09-08
1189,basic,2023-09-28
1190,basic,2022-11-30
1191,plus,2020-04-04
1192,plus,2021-11-17
1193,basic,2021-12-08
1194,plus,2022-10-19
1195,basic,2021-11-01
1196,plus,2020-06-15
1197,basic,2021-07-01
1198,plus,2022-01-11
1199,plus,2021-06-15
1200,basic,2023-06-22
1201,plus,2023-12-04
1202,plus,2020-06-25
1203,basic,2020-10-08
1204,basic,2020-02-03
1205,basic,2022-07-13
1206,basic,2022-04-29
1207,plus,2020-05-04
1208,plus,2021-01-04
1209,plus,2023-05-13
1210,plus,2022-01-18
1211,basic,2023-07-06
1212,basic,2021-12-20
1213,plus,2021-12-02
1214,plus,2022-01-13
1215,plus,2023-06-08
1216,premium,2023-09-30
1217,basic,2022-06-09
1218,premium,2022-04-15
1219,basic,2021-03-07
1220,basic,2021-05-23
1221,basic,2021-10-10
1222,basic,2022-03-09
1223,premium,2021-11-16
1224,plus,2022-05-17
1225,plus,2020-11-18
1226,plus,2020-08-29
1227,plus,2023-10-24
1228,plus,2023-05-07
1229,basic,2021-03-09
1230,basic,2020-04-21
1231,plus,2020-06-04
1232,basic,2021-07-31
1233,basic,2020-02-17
1234,basic,2022-06-12
1235,plus,2022-10-04
1236,basic,2021-08-27
1237,plus,2022-11-10
1238,premium,2020-06-22
1239,plus,2024-01-15
1240,plus,2021-01-30
1241,basic,2023-09-20
1242,plus,2023-01-20
1243,premium,2022-09-26
1244,basic,2020-12-07
1245,basic,2021-09-19
1246,plus,2022-11-12
1247,basic,2020-03-25
1248,basic,2022-08-05
1249,basic,2020-09-18
1250,basic,2021-01-22
1251,basic,2020-03-08
1252,plus,2020-10-27
1253,basic,2022-10-07
1254,basic,2021-11-20
1255,premium,2022-11-12
1256,plus,2023-12-27
1257,plus,2021-08-31
1258,basic,2022-12-06
1259,plus,2023-09-01
1260,basic,2020-04-05
1261,basic,2023-12-04
1262,premium,2023-10-14
1263,basic,2023-11-07
1264,basic,2020-03-03
1265,premium,2022-10-02
1266,plus,2022-05-24
1267,basic,2022-02-14
1268,basic,2021-02-03
1269,basic,2023-10-15
1270,basic,2024-01-12
1271,basic,2020-04-16
1272,basic,2021-09-03
1273,plus,2023-12-13
1274,basic,2023-08-30
1275,plus,2022-07-18
1276,basic,2023-06-26
1277,basic,2021-12-29
1278,plus,2020-08-22
1279,basic,2022-11-30
1280,basic,2020-09-22
1281,plus,2020-01-04
1282,basic,2021-11-23
1283,basic,2023-07-09
1284,basic,2023-07-17
1285,basic,2020-10-29
1286,premium,2020-02-01
1287,premium,2022-09-26
1288,basic,2023-12-24
1289,basic,2021-09-22
1290,basic,2022-01-17
1291,basic,2021-11-25
1292,basic,2022-02-20
1293,basic,2022-04-12
1294,basic,2024-01-22
1295,basic,2022-09-10
1296,basic,2021-11-17
1297,basic,2022-04-06
1298,basic,2020-03-04
1299,plus,2020-06-19
1300,basic,2022-03-29
1301,basic,2022-08-15
1302,basic,2020-05-05
1303,plus,2023-02-21
1304,plus,2022-06-21
1305,basic,2020-08-25
1306,plus,2021-07-22
1307,plus,2020-10-05
1308,plus,2021-04-07
1309,plus,2022-04-03
1310,plus,2022-04-18
1311,premium,2021-07-02
1312,plus,2022-11-05
1313,basic,2024-02-03
1314,premium,2022-07-12
1315,basic,2022-02-19
1316,basic,2021-10-28
1317,plus,2023-04-08
1318,basic,2022-09-01
1319,basic,2020-05-13
1320,basic,2023-02-05
1321,basic,2020-01-08
1322,premium,2020-02-23
1323,premium,2023-02-12
1324,plus,2021-08-19
1325,plus,2020-07-22
1326,basic,2020-09-03
1327,plus,2021-03-10
1328,basic,2022-07-06
1329,basic,2020-07-24
1330,basic,2024-01-04
1331,basic,2020-05-26
1332,basic,2021-04-09
1333,basic,2022-08-11
1334,basic,2022-12-14
1335,plus,2023-08-28
1336,basic,2021-11-12
1337,basic,2020-03-06
1338,plus,2021-10-06
1339,basic,2022-12-16
1340,plus,2021-03-21
1341,plus,2022-03-14
1342,basic,2021-01-17
1343,basic,2024-01-17
1344,basic,2022-09-26
1345,plus,2020-11-15
1346,premium,2020-06-16
1347,basic,2021-03-01
1348,basic,2022-09-30
1349,basic,2021-09-09
1350,basic,2020-08-12
1351,plus,2023-02-22
1352,plus,2023-03-23
1353,basic,2023-04-22
1354,basic,2022-12-20
1355,basic,2021-03-01
1356,basic,2023-08-11
1357,basic,2023-11-25
1358,plus,2021-11-24
1359,basic,2021-05-02
1360,basic,2021-06-13
1361,plus,2022-06-06
1362,basic,2021-06-14
1363,basic,2021-05-14
1364,plus,2022-05-27
1365,premium,2021-07-22
1366,basic,2021-05-19
1367,basic,2022-03-15
1368,basic,2022-09-13
1369,basic,2023-06-09
1370,basic,2022-02-02
1371,basic,2023-04-15
1372,basic,2020-12-10
1373,basic,2022-12-18
1374,basic,2021-02-12
1375,basic,2021-05-26
1376,premium,2022-09-30
1377,basic,2022-02-03
1378,basic,2020-07-07
1379,basic,2021-10-29
1380,plus,2021-10-02
1381,plus,2021-02-22
1382,plus,2020-12-23
1383,basic,2020-11-05
1384,basic,2022-11-30
1385,basic,2021-10-25
1386,plus,2020-08-26
1387,plus,2023-10-07
1388,plus,2023-09-29
1389,plus,2023-04-12
1390,plus,2022-11-08
1391,basic,2021-10-22
1392,basic,2022-10-01
1393,basic,2022-01-14
1394,basic,2022-08-03
1395,plus,2021-01-06
1396,plus,2022-01-18
1397,basic,2023-12-15
1398,basic,2021-03-24
1399,basic,2020-09-06
1400,basic,2020-02-16
1401,plus,2022-04-04
1402,premium,2023-08-23
1403,premium,2023-03-09
1404,premium,2023-03-31
1405,plus,2023-07-08
1406,plus,2021-07-02
1407,basic,2023-11-11
1408,plus,2022-04-25
1409,basic,2022-04-15
1410,plus,2022-04-01
1411,basic,2020-08-08
1412,plus,2023-03-09
1413,plus,2022-04-05
1414,basic,2023-10-13
1415,plus,2021-06-23
1416,basic,2022-08-31
1417,basic,2022-12-21
1418,basic,2023-11-23
1419,basic,2022-04-29
1420,basic,2021-09-23
1421,basic,2022-08-20
1422,basic,2022-09-15
1423,basic,2020-02-07
1424,basic,2023-05-14
1425,plus,2023-02-16
1426,basic,2023-04-21
1427,premium,2021-08-09
1428,basic,2023-02-27
1429,basic,2023-08-16
1430,basic,2021-09-29
1431,plus,2023-09-07
1432,basic,2023-02-01
1433,plus,2021-11-01
1434,basic,2020-01-06
1435,plus,2020-02-05
1436,premium,2023-03-04
1437,basic,2020-07-10
1438,plus,2023-07-11
1439,plus,2021-12-17
1440,basic,2021-06-26
1441,premium,2020-10-15
1442,basic,2023-01-11
1443,plus,2023-07-13
1444,basic,2020-08-24
1445,basic,2023-04-05
1446,basic,2022-03-01
1447,basic,2022-04-11
1448,basic,2023-04-23
1449,basic,2020-04-10
1450,basic,2022-08-20
1451,basic,2023-05-10
1452,basic,2020-03-15
1453,basic,2021-01-28
1454,premium,2020-02-06
1455,basic,2022-08-15
1456,plus,2024-02-05
1457,basic,2022-04-26
1458,basic,2023-11-19
1459,basic,2022-04-26
1460,basic,2022-05-16
1461,basic,2023-02-22
1462,basic,2021-11-22
1463,basic,2021-01-01
1464,plus,2022-10-06
1465,basic,2021-05-15
1466,basic,2023-09-04
1467,plus,2023-07-05
1468,basic,2021-08-06
1469,basic,2020-08-23
1470,basic,2023-02-09
1471,basic,2022-10-16
1472,plus,2020-11-14
1473,basic,2020-01-17
1474,premium,2024-01-07
1475,basic,2022-10-07
1476,basic,2023-09-15
1477,premium,2022-05-22
1478,plus,2023-08-10
1479,plus,2022-12-31
1480,plus,2021-08-20
1481,premium,2020-12-19
1482,plus,2023-05-29
1483,plus,2023-04-29
1484,basic,2021-06-27
1485,plus,2023-01-06
1486,basic,2022-05-27
1487,plus,2022-11-04
1488,basic,2020-10-15
1489,plus,2021-08-02
1490,basic,2021-08-04
1491,basic,2020-12-07
1492,basic,2023-01-19
1493,plus,2024-02-02
1494,basic,2020-11-20
1495,basic,2021-12-14
1496,basic,2022-06-24
1497,plus,2021-04-18
1498,basic,2023-11-03
1499,basic,2022-10-21
1500,basic,2021-06-10
1501,premium,2021-06-16
1502,plus,2021-04-28
1503,basic,2020-01-26
1504,plus,2021-02-15
1505,plus,2023-11-25
1506,basic,2022-08-24
1507,basic,2021-12-18
1508,basic,2021-04-04
1509,basic,2023-05-24
1510,basic,2020-06-23
1511,plus,2023-06-27
1512,basic,2023-08-28
1513,basic,2023-10-28
1514,basic,2023-12-19
1515,plus,2022-12-29
1516,plus,2020-06-27
1517,basic,2023-05-03
1518,plus,2024-02-04
1519,plus,2020-12-25
1520,basic,2022-12-23
1521,basic,2021-03-07
1522,plus,2022-11-25
1523,plus,2023-01-06
1524,premium,2020-01-30
1525,plus,2021-04-24
1526,premium,2022-01-13
1527,plus,2022-08-18
1528,plus,2022-10-05
1529,basic,2022-01-26
1530,basic,2021-12-06
1531,plus,2023-01-22
1532,basic,2023-01-22
1533,basic,2020-02-23
1534,basic,2020-12-17
1535,plus,2021-05-18
1536,premium,2023-08-23
1537,premium,2021-11-09
1538,basic,2023-12-10
1539,basic,2020-03-11
1540,basic,2022-01-13
1541,basic,2023-06-21
1542,basic,2020-08-02
1543,basic,2021-12-25
1544,basic,2020-09-30
1545,plus,2020-04-28
1546,plus,2023-12-17
1547,basic,2021-06-15
1548,basic,2023-04-17
1549,basic,2020-09-27
1550,plus,2022-12-28
1551,basic,2021-08-18
1552,basic,2021-05-10
1553,basic,2020-05-26
1554,plus,2021-04-02
1555,plus,2020-08-15
1556,plus,2020-01-14
1557,basic,2023-10-26
1558,basic,2021-07-31
1559,plus,2023-05-29
1560,basic,2020-02-25
1561,basic,2021-10-26
1562,plus,2021-06-29
1563,plus,2020-09-27
1564,plus,2022-01-04
1565,basic,2020-11-28
1566,basic,2020-07-07
1567,plus,2020-07-26
1568,plus,2020-12-22
1569,plus,2021-01-30
1570,basic,2023-05-31
1571,basic,2021-06-07
1572,basic,2020-06-22
1573,basic,2022-05-13
1574,plus,2022-08-29
1575,premium,2022-08-24
1576,plus,2020-01-04
1577,basic,2021-10-02
1578,plus,2020-10-08
1579,basic,2023-11-24
1580,plus,2020-02-28
1581,plus,2023-09-09
1582,premium,2022-11-18
1583,basic,2023-08-14
1584,premium,2020-06-01
1585,basic,2023-04-22
1586,plus,2021-04-29
1587,basic,2021-01-11
1588,basic,2020-08-26
1589,plus,2021-05-29
1590,basic,2022-09-20
1591,basic,2020-04-02
1592,premium,2020-04-05
1593,basic,2020-09-07
1594,plus,2021-08-07
1595,basic,2020-08-05
1596,plus,2023-04-14
1597,plus,2020-06-01
1598,basic,2020-04-12
1599,plus,2021-01-01
1600,premium,2020-01-01
1601,basic,2024-02-04
1602,basic,2020-08-19
1603,premium,2020-06-11
1604,basic,2022-01-31
1605,basic,2022-01-18
1606,plus,2023-11-03
1607,basic,2022-10-23
1608,plus,2023-03-03
1609,basic,2021-11-24
1610,basic,2022-07-25
1611,plus,2020-07-30
1612,basic,2022-08-18
1613,basic,2023-10-04
1614,basic,2022-08-12
1615,plus,2021-07-17
1616,basic,2021-08-11
1617,plus,2021-01-08
1618,plus,2023-08-18
1619,basic,2021-08-04
1620,plus,2022-04-25
1621,plus,2021-08-29
1622,plus,2023-10-15
1623,basic,2023-10-15
1624,plus,2020-03-01
1625,premium,2024-02-03
1626,basic,2020-05-16
1627,basic,2020-10-21
1628,basic,2020-11-01
1629,plus,2021-03-14
1630,basic,2023-02-26
1631,basic,2021-08-21
1632,basic,2021-12-30
1633,basic,2022-02-11
1634,basic,2020-07-02
1635,basic,2023-12-24
1636,basic,2022-06-15
1637,basic,2021-07-27
1638,basic,2022-11-02
1639,basic,2021-04-28
1640,plus,2021-12-21
1641,basic,2020-06-14
1642,plus,2022-06-27
1643,plus,2021-10-24
1644,plus,2022-11-10
1645,basic,2021-01-03
1646,basic,2023-01-23
1647,basic,2020-03-21
1648,plus,2021-12-01
1649,basic,2023-01-30
1650,basic,2021-03-27
1651,basic,2020-10-05
1652,premium,2022-07-12
1653,basic,2023-11-19
1654,basic,2023-12-12
1655,basic,2023-12-02
1656,plus,2022-06-25
1657,basic,2020-08-17
1658,basic,2022-11-12
1659,plus,2023-07-20
1660,plus,2020-07-17
1661,basic,2020-08-29
1662,basic,2021-06-26
1663,plus,2020-06-04
1664,plus,2023-06-29
1665,premium,2022-03-02
1666,basic,2021-05-20
1667,plus,2022-12-21
1668,basic,2023-06-03
1669,premium,2020-04-10
1670,plus,2020-10-03
1671,premium,2023-09-19
1672,basic,2022-06-15
1673,premium,2023-07-10
1674,basic,2020-04-26
1675,basic,2022-05-04
1676,plus,2022-12-21
1677,premium,2022-01-20
1678,basic,2023-01-12
1679,plus,2020-09-14
1680,basic,2021-06-14
1681,premium,2020-08-10
1682,basic,2021-06-14
1683,plus,2022-04-23
1684,basic,2022-08-07
1685,basic,2023-09-27
1686,basic,2021-05-07
1687,plus,2022-02-20
1688,basic,2022-11-07
1689,plus,2022-01-20
1690,basic,2022-01-15
1691,basic,2021-07-30
1692,plus,2023-01-06
1693,premium,2020-05-26
1694,basic,2022-12-22
1695,basic,2023-01-05
1696,plus,2023-06-24
1697,basic,2021-08-06
1698,basic,2020-04-28
1699,plus,2021-05-14
1700,plus,2022-12-21
1701,plus,2021-12-20
1702,basic,2023-11-08
1703,basic,2022-10-31
1704,premium,2023-05-20
1705,plus,2022-02-24
1706,basic,2022-06-26
1707,basic,2021-01-21
1708,basic,2021-03-02
1709,basic,2021-02-08
1710,plus,2022-09-02
1711,basic,2022-03-18
1712,basic,2023-08-14
1713,plus,2021-06-18
1714,plus,2024-01-31
1715,basic,2021-10-05
1716,plus,2023-09-18
1717,plus,2023-08-17
1718,basic,2021-01-05
1719,basic,2023-06-13
1720,basic,2023-05-14
1721,premium,2021-11-22
1722,plus,2022-08-01
1723,basic,2022-05-23
1724,plus,2022-11-14
1725,premium,2023-08-14
1726,premium,2021-09-24
1727,basic,2022-12-17
1728,basic,2020-02-04
1729,basic,2020-07-13
1730,premium,2023-12-03
1731,plus,2024-01-18
1732,premium,2023-09-23
1733,basic,2020-06-27
1734,plus,2023-10-10
1735,basic,2021-08-06
1736,basic,2020-11-07
1737,plus,2023-01-29
1738,plus,2023-04-04
1739,basic,2023-06-29
1740,basic,2022-02-03
1741,basic,2023-08-24
1742,basic,2021-07-07
1743,basic,2023-06-28
1744,plus,2023-08-19
1745,basic,2022-03-07
1746,premium,2020-06-27
1747,premium,2023-02-14
1748,basic,2020-09-13
1749,plus,2022-01-12
1750,basic,2021-07-09
1751,plus,2022-03-23
1752,basic,2023-04-24
1753,basic,2022-08-15
1754,basic,2022-12-22
1755,basic,2022-02-09
1756,basic,2021-07-14
1757,plus,2020-09-28
1758,basic,2021-10-17
1759,premium,2024-01-20
1760,basic,2023-12-04
1761,premium,2020-12-24
1762,basic,2023-06-15
1763,plus,2023-07-17
1764,premium,2023-07-13
1765,plus,2023-07-28
1766,plus,2022-06-18
1767,basic,2021-10-20
1768,premium,2023-11-06
1769,plus,2021-07-19
1770,plus,2022-06-24
1771,plus,2021-05-17
1772,plus,2022-05-08
1773,basic,2020-05-14
1774,plus,2023-02-13
1775,basic,2023-01-05
1776,basic,2022-04-01
1777,basic,2020-04-15
1778,basic,2022-05-12
1779,plus,2023-08-23
1780,plus,2021-09-14
1781,premium,2021-06-22
1782,basic,2022-08-05
1783,basic,2020-12-19
1784,premium,2023-01-02
1785,basic,2023-05-22
1786,basic,2020-09-08
1787,premium,2022-05-26
1788,basic,2023-02-12
1789,basic,2023-08-16
1790,basic,2022-07-26
1791,basic,2020-01-12
1792,basic,2023-11-28
1793,basic,2024-01-30
1794,premium,2020-01-01
1795,basic,2020-01-31
1796,basic,2020-02-19
1797,basic,2022-01-22
1798,plus,2020-04-15
1799,basic,2024-01-05
1800,basic,2022-01-01
1801,plus,2021-01-10
1802,basic,2020-10-15
1803,basic,2021-08-19
1804,basic,2022-07-31
1805,basic,2020-03-01
1806,basic,2021-05-02
1807,basic,2020-09-05
1808,basic,2022-03-16
1809,basic,2023-11-05
1810,premium,2021-02-22
1811,basic,2022-02-22
1812,basic,2022-12-06
1813,basic,2021-06-16
1814,basic,2023-10-31
1815,basic,2023-12-10
1816,basic,2020-12-11
1817,plus,2021-08-05
1818,basic,2020-09-30
1819,basic,2021-08-05
1820,premium,2023-06-05
1821,plus,2021-02-10
1822,plus,2021-08-19
1823,premium,2021-02-23
1824,basic,2021-10-06
1825,basic,2023-05-03
1826,plus,2021-06-17
1827,basic,2022-05-30
1828,basic,2020-11-15
1829,plus,2020-12-30
1830,basic,2023-05-20
1831,basic,2023-05-10
1832,plus,2021-07-27
1833,basic,2022-04-26
1834,basic,2023-08-20
1835,basic,2022-01-14
1836,basic,2022-05-30
1837,plus,2020-04-04
1838,plus,2022-11-20
1839,basic,2022-10-23
1840,basic,2022-03-21
1841,basic,2024-02-07
1842,basic,2020-08-07
1843,plus,2023-05-15
1844,basic,2020-11-03
1845,basic,2022-12-24
1846,basic,2023-06-13
1847,plus,2022-06-15
1848,basic,2021-02-21
1849,premium,2023-07-21
1850,basic,2022-07-28
1851,basic,2023-01-15
1852,basic,2021-12-18
1853,basic,2020-03-24
1854,premium,2021-08-27
1855,premium,2021-01-06
1856,premium,2023-08-05
1857,premium,2020-02-19
1858,plus,2020-03-28
1859,plus,2023-10-07
1860,basic,2020-10-10
1861,plus,2023-10-27
1862,plus,2023-04-08
1863,basic,2021-02-09
1864,plus,2020-03-28
1865,basic,2020-04-02
1866,plus,2023-08-31
1867,premium,2021-10-26
1868,plus,2022-06-12
1869,basic,2021-04-16
1870,basic,2023-10-22
1871,basic,2021-03-09
1872,basic,2020-07-28
1873,plus,2022-01-18
1874,plus,2022-09-03
1875,premium,2022-11-12
1876,plus,2021-12-20
1877,basic,2022-05-03
1878,basic,2022-03-23
1879,basic,2021-08-17
1880,plus,2020-11-24
1881,basic,2021-09-15
1882,premium,2021-08-15
1883,basic,2022-03-26
1884,premium,2021-01-09
1885,basic,2020-06-08
1886,basic,2024-01-05
1887,basic,2023-03-09
1888,plus,2022-09-01
1889,plus,2023-11-27
1890,basic,2023-05-28
1891,premium,2020-05-25
1892,basic,2022-02-05
1893,basic,2020-05-19
1894,basic,2022-07-30
1895,basic,2020-04-16
1896,basic,2020-06-20
1897,basic,2022-02-25
1898,plus,2023-06-09
1899,basic,2022-07-22
1900,basic,2020-08-16
1901,plus,2023-08-12
1902,plus,2020-04-20
1903,premium,2021-10-29
1904,basic,2022-03-12
1905,basic,2020-06-23
1906,basic,2023-03-06
1907,plus,2022-04-01
1908,basic,2023-05-23
1909,basic,2023-01-04
1910,basic,2020-11-22
1911,basic,2021-09-14
1912,basic,2022-08-05
1913,basic,2020-09-08
1914,basic,2022-08-15
1915,basic,2022-08-30
1916,basic,2021-03-11
1917,basic,2021-04-09
1918,plus,2023-03-26
1919,plus,2023-01-23
1920,basic,2021-04-06
1921,basic,2023-03-15
1922,plus,2020-02-15
1923,basic,2021-08-07
1924,basic,2020-11-15
1925,basic,2022-08-07
1926,basic,2020-10-10
1927,plus,2022-12-31
1928,basic,2023-04-08
1929,basic,2021-12-22
1930,plus,2022-01-18
1931,premium,2020-05-05
1932,basic,2020-10-09
1933,basic,2021-04-10
1934,basic,2022-01-24
1935,basic,2021-12-16
1936,basic,2022-12-15
1937,basic,2023-04-28
1938,plus,2023-08-12
1939,plus,2020-05-09
1940,basic,2020-08-30
1941,basic,2023-05-04
1942,basic,2020-05-23
1943,basic,2022-12-20
1944,basic,2023-12-12
1945,basic,2023-06-02
1946,plus,2020-08-31
1947,plus,2020-06-18
1948,basic,2021-05-28
1949,basic,2020-12-07
1950,basic,2022-10-04
1951,plus,2022-04-17
1952,basic,2023-11-12
1953,plus,2020-06-05
1954,plus,2022-09-08
1955,plus,2021-03-16
1956,basic,2022-02-10
1957,plus,2020-08-28
1958,basic,2020-01-15
1959,basic,2020-07-13
1960,plus,2023-04-28
1961,plus,2022-03-10
1962,basic,2021-07-12
1963,basic,2023-10-12
1964,basic,2021-05-11
1965,premium,2021-10-24
1966,basic,2022-02-14
1967,basic,2022-07-19
1968,basic,2022-10-24
1969,basic,2020-01-29
1970,basic,2020-11-11
1971,basic,2021-12-17
1972,plus,2020-04-11
1973,basic,2023-09-18
1974,plus,2021-07-28
1975,plus,2020-10-03
1976,plus,2020-05-03
1977,premium,2023-08-17
1978,basic,2021-02-05
1979,plus,2020-05-06
1980,premium,2022-08-08
1981,basic,2021-11-24
1982,basic,2022-04-16
1983,basic,2022-11-07
1984,plus,2021-12-12
1985,basic,2022-02-09
1986,basic,2021-12-19
1987,basic,2021-12-09
1988,basic,2020-12-04
1989,plus,2023-01-05
1990,plus,2024-01-06
1991,basic,2022-06-23
1992,basic,2023-10-26
1993,plus,2021-06-16
1994,basic,2023-02-17
1995,basic,2021-09-11
1996,basic,2021-05-31
1997,premium,2022-11-13
1998,basic,2020-03-10
1999,plus,2020-10-30
2000,basic,2021-10-10
