order_id,customer_id,product_id,category,region,price,quantity,order_date
0,163704,64,sports,West,432.02,1,2023-03-07
1,72112,4837,home,Central,109.76,1,2024-07-18
2,148707,2426,grocery,East,12.22,1,2024-04-22
3,10074,1917,grocery,East,124.64,4,2023-11-17
4,128032,4774,home,West,374.08,3,2023-11-13
5,194819,1295,apparel,East,272.72,5,2024-09-18
6,75268,3546,beauty,Central,257.55,4,2023-03-04
7,114319,3551,books,North,412.32,2,2024-05-24
8,147628,2118,apparel,Central,136.45,5,2023-05-28
9,155355,1764,books,South,66.57,2,2023-03-10
10,147974,2268,electronics,East,395.88,2,2024-01-20
11,71661,3255,sports,Central,460.49,4,2024-12-13
12,94714,2583,sports,East,234.7,1,2024-06-21
13,77594,2430,electronics,North,480.34,4,2024-07-09
14,96985,2201,beauty,East,28.63,2,2024-06-07
15,56997,2920,grocery,Central,244.13,2,2024-07-27
16,18646,1940,grocery,North,324.84,1,2024-01-10
17,153063,4324,toys,South,70.83,2,2023-04-04
18,80568,646,toys,Central,279.0,3,2024-09-05
19,86070,738,grocery,Central,95.38,3,2023-11-25
20,7082,2927,apparel,West,327.64,5,2024-01-01
21,11712,40,books,East,154.84,2,2023-09-28
22,123800,3453,books,South,106.67,3,2023-05-14
23,174822,1335,beauty,West,316.25,3,2024-11-07
24,141954,3637,sports,West,182.56,4,2024-07-24
25,109564,4821,apparel,West,113.08,4,2024-04-15
26,125643,3873,grocery,East,60.53,5,2023-10-21
27,97606,4607,books,North,419.54,2,2024-08-23
28,140229,604,home,West,73.16,1,2024-02-03
29,81370,2571,books,North,247.95,3,2023-11-20
30,5586,4043,electronics,North,297.02,5,2023-11-25
31,17424,4985,beauty,North,389.03,4,2023-06-15
32,145129,1412,home,Central,209.59,5,2023-03-09
33,141803,4767,electronics,North,436.44,5,2024-02-09
34,42892,4643,beauty,East,220.37,5,2024-10-10
35,165088,386,books,North,56.7,3,2023-02-16
36,167854,827,home,East,444.07,2,2024-09-18
37,95749,4117,books,West,301.31,5,2024-08-27
38,156902,3246,sports,Central,139.51,5,2023-07-22
39,122452,1100,books,West,415.3,5,2024-04-06
40,139976,3526,electronics,West,447.38,5,2023-05-01
41,190523,4531,home,Central,496.5,3,2024-07-07
42,61869,3397,sports,North,207.24,1,2024-05-26
43,55406,4107,beauty,East,451.84,4,2023-09-16
44,83899,3597,electronics,North,112.24,5,2023-02-19
45,195412,3376,electronics,East,330.71,5,2024-12-09
46,57001,172,home,East,316.78,5,2023-11-22
47,107527,561,apparel,West,377.1,4,2024-10-13
48,62849,1195,beauty,South,233.13,2,2024-05-09
49,97832,3818,electronics,Central,112.21,2,2024-07-22
50,23950,1200,grocery,West,472.29,4,2024-07-08
51,186109,4573,grocery,South,3.88,2,2023-05-23
52,71851,675,sports,East,433.66,3,2023-09-23
53,73032,1140,electronics,East,301.22,4,2023-12-07
54,159387,3511,home,Central,404.99,4,2023-12-30
55,174833,1985,grocery,West,400.66,4,2023-02-01
56,138908,3035,apparel,South,321.32,4,2024-02-03
57,73599,3105,books,Central,488.45,3,2023-04-23
58,177446,3980,sports,South,40.11,1,2024-06-26
59,91131,750,electronics,North,384.64,4,2024-05-13
60,118837,1944,toys,South,478.21,5,2024-11-04
61,111781,3095,sports,East,21.71,3,2024-06-27
62,197596,4958,beauty,West,187.25,4,2023-09-25
63,142,1709,apparel,Central,485.94,5,2024-12-07
64,51291,4671,sports,North,338.13,5,2023-10-27
65,158256,967,apparel,Central,153.93,2,2023-08-26
66,116297,3344,apparel,East,243.75,3,2024-10-23
67,73970,1353,electronics,Central,55.74,1,2023-09-28
68,41211,2808,apparel,West,44.28,4,2023-02-25
69,122744,3050,apparel,West,28.65,2,2023-12-09
70,15699,1759,grocery,Central,213.09,2,2024-08-03
71,89154,247,apparel,South,11.43,4,2023-05-19
72,98013,4369,electronics,Central,335.37,1,2023-12-04
73,132967,376,toys,East,214.8,2,2023-04-05
74,147302,3775,electronics,East,48.96,4,2024-05-16
75,134235,968,grocery,South,390.94,5,2023-12-14
76,141839,2619,home,North,199.47,4,2023-08-30
77,47375,3574,sports,South,380.23,1,2023-06-15
78,4259,4161,beauty,West,229.74,3,2024-02-17
79,97703,3979,toys,South,427.43,3,2024-05-03
80,43841,3878,books,North,275.0,4,2024-11-17
81,141128,177,electronics,North,8.86,1,2023-11-16
82,109568,4509,apparel,South,226.9,4,2023-04-28
83,71022,2775,electronics,West,304.72,3,2024-08-30
84,181246,814,apparel,North,205.44,5,2024-04-04
85,50785,757,apparel,West,287.06,4,2024-05-26
86,92800,3063,sports,South,410.64,2,2023-03-12
87,99139,281,toys,East,135.18,2,2023-08-17
88,128271,808,home,East,408.76,3,2024-07-14
89,49443,4224,home,Central,174.45,4,2024-08-30
90,143192,3088,books,Central,396.86,4,2023-11-14
91,172515,4801,toys,South,260.08,1,2024-08-10
92,29261,2470,home,North,236.24,1,2024-09-06
93,171579,4280,apparel,Central,26.32,4,2023-10-10
94,56202,299,electronics,West,96.93,3,2024-10-17
95,96018,1065,home,East,496.81,5,2023-07-30
96,49034,1301,home,East,88.81,3,2023-06-24
97,161998,4643,grocery,West,29.64,5,2024-05-13
98,191305,1844,grocery,Central,194.91,5,2024-04-09
99,34034,571,sports,West,436.07,3,2023-04-13
100,158571,2011,apparel,North,460.04,4,2024-08-30
101,73194,4580,apparel,West,397.21,4,2023-05-26
102,113756,508,beauty,West,314.35,4,2024-08-10
103,61237,2827,books,North,459.54,4,2023-01-06
104,45164,3818,toys,South,339.74,1,2024-08-04
105,18832,3890,electronics,West,304.58,3,2024-07-28
106,185211,4305,electronics,South,138.48,3,2024-07-23
107,137949,949,home,East,492.2,3,2024-04-30
108,180399,541,sports,East,178.67,4,2023-12-11
109,29598,1719,apparel,North,45.94,3,2024-05-29
110,147081,2246,toys,Central,96.49,1,2023-07-22
111,175784,22,beauty,West,484.7,3,2024-07-23
112,103521,291,electronics,East,152.55,1,2024-02-10
113,179071,4558,sports,West,278.55,2,2023-12-02
114,196535,4223,sports,South,291.47,3,2024-01-05
115,49193,4529,toys,West,70.57,4,2024-02-20
116,150313,1647,sports,West,153.2,1,2023-01-28
117,152829,4784,apparel,East,217.23,3,2023-04-13
118,90903,1337,apparel,East,261.73,3,2023-06-29
119,138851,1774,books,West,133.99,2,2023-03-25
120,147779,4742,beauty,Central,100.27,4,2023-11-17
121,147645,312,apparel,South,437.97,5,2024-05-02
122,100131,1215,beauty,South,106.04,1,2024-04-22
123,115368,4153,sports,North,394.48,4,2023-12-10
124,57359,1318,books,Central,390.26,3,2024-09-16
125,163365,4608,home,South,230.18,2,2024-02-17
126,67465,3472,electronics,West,459.56,2,2023-02-27
127,79153,3569,apparel,Central,465.71,1,2024-07-12
128,134734,4630,toys,South,275.08,3,2024-02-24
129,82124,494,grocery,West,428.24,1,2024-04-08
130,121593,2676,grocery,Central,358.14,3,2024-02-17
131,179214,3082,toys,North,29.18,4,2024-02-09
132,169662,339,grocery,Central,30.14,5,2023-03-08
133,23720,4472,beauty,East,409.91,2,2024-02-13
134,83512,3339,beauty,East,246.92,1,2024-08-03
135,195152,175,electronics,East,179.09,3,2023-08-10
136,115208,2398,toys,East,270.0,2,2024-03-16
137,110870,965,apparel,East,281.68,3,2023-01-23
138,23551,3780,home,West,310.4,2,2023-09-11
139,115921,4876,toys,Central,184.7,5,2023-11-15
140,161930,1896,electronics,South,365.34,1,2024-12-18
141,61089,3165,sports,West,207.86,3,2023-06-06
142,174504,4545,apparel,East,177.17,1,2023-07-21
143,44975,10,sports,Central,392.71,3,2023-10-26
144,57071,2875,grocery,East,130.56,2,2024-12-25
145,34409,4343,sports,East,86.92,3,2024-09-14
146,53869,3988,home,South,454.22,5,2023-01-26
147,154924,851,apparel,East,403.26,3,2023-06-20
148,146792,1600,toys,North,416.74,2,2024-08-22
149,184973,3466,electronics,North,423.28,3,2023-02-12
150,194530,4427,beauty,South,318.21,1,2024-09-16
151,11100,2922,apparel,Central,248.77,4,2023-07-25
152,49635,247,sports,West,154.62,3,2024-10-31
153,82789,4483,toys,North,446.09,2,2023-08-03
154,124681,4926,beauty,Central,270.73,3,2023-11-14
155,100379,10,sports,East,298.04,3,2024-04-28
156,53353,3209,books,North,148.91,3,2023-04-03
157,14884,529,beauty,Central,317.86,2,2024-02-11
158,56951,957,home,West,48.9,5,2024-01-04
159,45244,3411,beauty,West,452.14,4,2024-07-26
160,97079,1733,toys,Central,220.53,3,2024-12-28
161,82138,533,books,West,174.13,5,2024-04-29
162,166869,3842,electronics,Central,172.69,2,2023-10-26
163,164005,2562,home,North,318.05,3,2023-10-24
164,46082,1452,grocery,South,221.53,4,2023-11-02
165,134011,2634,grocery,Central,489.09,5,2024-08-17
166,46688,4773,toys,South,388.38,2,2023-08-23
167,18341,2002,sports,South,327.06,1,2023-05-02
168,14954,4050,beauty,Central,175.0,5,2023-09-02
169,45330,4215,grocery,East,119.26,2,2023-01-17
170,24188,1161,toys,West,74.94,2,2023-03-19
171,106891,3447,grocery,North,67.49,2,2023-03-07
172,147583,4933,home,Central,276.2,5,2024-07-17
173,29324,4984,books,West,3.97,5,2024-06-11
174,156491,3285,books,Central,234.89,1,2024-05-23
175,78562,2916,electronics,West,136.31,1,2023-12-04
176,104670,109,beauty,North,478.63,1,2024-06-07
177,12556,4268,grocery,Central,272.06,1,2023-04-28
178,188895,3061,apparel,South,104.94,4,2024-10-19
179,122536,3470,grocery,West,248.7,5,2024-01-01
180,17978,3374,apparel,West,308.15,3,2024-11-15
181,7162,2024,books,East,181.92,2,2023-04-22
182,95823,4966,toys,West,89.06,2,2023-12-30
183,80665,3806,grocery,South,109.53,5,2024-05-23
184,184726,4848,apparel,South,352.43,2,2023-12-28
185,190439,1674,books,East,136.59,1,2023-11-22
186,96581,4129,grocery,Central,250.69,4,2023-05-02
187,15335,2109,books,East,387.66,2,2023-10-06
188,120949,1057,grocery,North,341.0,2,2023-06-24
189,161820,1195,electronics,East,287.58,2,2023-08-09
190,73631,2789,home,East,449.86,1,2024-05-14
191,100603,3477,electronics,West,140.11,4,2024-04-05
192,162513,2565,grocery,Central,467.78,1,2024-03-19
193,173121,4155,apparel,West,24.94,2,2023-09-22
194,89622,4548,home,West,55.31,3,2024-12-01
195,162529,354,books,East,152.08,3,2023-03-05
196,23401,1219,sports,West,76.45,5,2023-09-08
197,69373,1501,apparel,East,240.23,4,2023-03-28
198,115112,690,home,East,310.71,2,2023-09-05
199,95489,1270,books,Central,131.41,5,2024-12-03
200,79115,1957,sports,East,483.2,4,2023-09-25
201,176302,3306,beauty,Central,69.72,5,2024-10-25
202,160170,2282,electronics,East,69.29,2,2023-12-28
203,117057,240,books,Central,361.71,5,2024-05-25
204,175204,4971,toys,Central,304.24,2,2023-11-30
205,104593,3523,beauty,South,285.47,3,2023-07-14
206,158844,3460,books,South,400.84,2,2024-07-11
207,137441,4645,electronics,West,101.43,4,2024-12-08
208,123530,170,books,West,49.0,2,2023-07-12
209,79247,2537,sports,East,339.49,3,2024-07-22
210,55911,1849,home,Central,193.32,2,2023-07-10
211,124456,3722,grocery,East,460.2,1,2024-06-07
212,148005,1413,books,South,313.17,5,2024-07-29
213,105726,532,apparel,South,296.57,1,2023-11-25
214,11460,4223,toys,North,213.13,1,2024-06-21
215,41729,4507,beauty,East,88.62,1,2023-07-18
216,15005,866,grocery,South,464.34,5,2023-02-27
217,58330,4000,grocery,West,481.76,5,2023-03-12
218,158171,1205,sports,Central,14.88,1,2023-11-23
219,106832,2237,electronics,East,392.66,3,2024-10-20
220,35171,152,home,North,221.91,3,2023-04-04
221,40032,3531,toys,West,7.72,3,2023-11-29
222,195141,4088,books,West,45.38,3,2024-05-28
223,149839,1423,sports,East,19.39,1,2023-05-28
224,98959,3384,books,North,182.73,4,2024-06-10
225,137262,3104,home,South,235.92,3,2023-08-12
226,88904,1929,grocery,Central,110.61,3,2024-08-13
227,102948,211,sports,Central,167.39,5,2024-02-27
228,7438,4290,apparel,West,120.99,2,2024-02-04
229,143777,3009,grocery,East,79.32,1,2023-05-10
230,114983,831,books,Central,416.21,5,2023-12-05
231,161299,28,apparel,Central,380.04,5,2024-09-17
232,33641,4597,apparel,East,357.7,1,2023-01-15
233,8690,4595,beauty,West,331.19,2,2024-07-07
234,111273,2803,books,West,77.22,3,2023-12-26
235,128956,3374,home,West,235.54,4,2024-06-09
236,158801,2230,home,North,234.14,1,2024-04-29
237,78195,2621,grocery,West,414.4,1,2023-11-12
238,40239,4841,beauty,East,401.84,4,2023-08-14
239,137899,3376,apparel,West,121.41,2,2024-04-02
240,186572,4778,books,South,367.33,5,2023-04-13
241,612,2127,toys,North,368.36,5,2024-03-02
242,111205,1033,toys,Central,309.03,1,2023-03-11
243,181735,991,apparel,East,293.05,1,2024-04-19
244,143243,1685,sports,South,410.86,4,2024-04-03
245,43768,949,home,Central,88.76,2,2023-03-03
246,54473,3155,sports,West,119.1,3,2024-07-06
247,56380,2524,home,Central,126.87,4,2023-10-31
248,186830,4722,apparel,South,454.17,1,2024-07-28
249,101619,4188,toys,North,219.64,2,2023-01-31
250,161967,1498,sports,Central,66.9,4,2023-05-12
251,68538,987,apparel,North,436.14,2,2023-12-27
252,69406,3339,electronics,South,17.11,2,2023-05-18
253,60194,2963,apparel,Central,20.39,3,2023-08-29
254,131436,4329,grocery,Central,37.19,3,2024-04-27
255,170035,1484,beauty,Central,326.24,3,2023-04-16
256,134601,1186,toys,West,109.33,4,2024-05-09
257,159251,1424,beauty,South,304.39,4,2023-03-17
258,167648,1068,grocery,South,170.91,5,2023-05-08
259,64732,4683,grocery,East,161.36,2,2024-03-04
260,7799,2981,toys,East,28.94,5,2024-08-02
261,69333,4129,electronics,North,88.27,3,2023-05-05
262,137996,4034,toys,East,404.75,5,2023-08-07
263,141344,4784,electronics,North,233.24,1,2024-11-06
264,64877,1806,apparel,Central,178.88,1,2024-12-23
265,157462,3390,grocery,South,19.09,4,2024-02-29
266,182601,117,apparel,South,360.79,5,2023-11-23
267,119356,1574,apparel,South,81.78,3,2023-09-11
268,179274,858,beauty,Central,29.22,4,2024-03-23
269,27729,2416,toys,North,236.79,5,2024-03-07
270,160850,1956,sports,East,116.98,4,2023-08-04
271,25541,3380,electronics,Central,66.15,2,2023-01-17
272,24306,4679,home,East,140.3,4,2023-04-21
273,164197,2482,beauty,Central,277.77,4,2024-11-30
274,161472,2787,sports,West,377.21,3,2023-11-02
275,19609,282,home,West,117.85,4,2023-12-19
276,53023,1345,sports,North,218.41,5,2023-12-07
277,20183,3319,books,North,99.66,1,2024-07-25
278,183891,536,books,South,413.52,3,2023-02-17
279,150660,55,toys,West,33.93,3,2023-03-02
280,59789,1116,toys,South,413.79,1,2023-07-21
281,18076,3352,electronics,South,341.79,4,2023-12-22
282,148765,4279,home,Central,26.83,3,2024-05-04
283,160494,1454,home,South,460.06,3,2023-12-25
284,15564,137,beauty,North,479.79,2,2023-11-19
285,66480,1339,grocery,North,46.03,2,2024-11-15
286,127612,1513,apparel,East,204.62,2,2023-04-28
287,134601,960,home,South,338.08,5,2024-02-22
288,116403,2217,electronics,Central,294.57,2,2024-01-31
289,15727,480,books,North,281.34,1,2023-12-12
290,105190,3410,sports,West,309.22,5,2024-08-12
291,94355,2764,toys,South,91.12,4,2023-07-14
292,60272,1096,grocery,West,158.81,3,2024-11-27
293,180204,230,electronics,East,9.37,5,2023-08-31
294,143410,3449,sports,South,91.91,2,2024-02-02
295,17350,3804,electronics,West,371.8,4,2024-01-16
296,30855,3517,apparel,East,34.87,4,2024-09-12
297,98896,396,sports,North,138.51,5,2023-11-17
298,180712,4704,electronics,Central,28.08,3,2023-07-27
299,102615,4113,sports,East,410.99,1,2023-01-16
300,169855,4366,beauty,South,470.76,5,2023-09-23
301,114364,3248,electronics,Central,336.03,2,2024-08-26
302,83688,1633,electronics,South,6.22,4,2023-01-08
303,10560,4341,electronics,South,224.91,2,2024-10-16
304,105324,1179,electronics,North,321.72,4,2024-02-01
305,172820,2350,electronics,South,425.93,4,2023-04-13
306,160188,1439,sports,Central,397.66,2,2023-08-09
307,28757,4572,beauty,North,77.06,5,2024-02-09
308,54167,3562,sports,Central,399.27,4,2023-08-19
309,103681,2753,books,South,47.3,5,2023-03-21
310,26873,2982,apparel,West,38.25,3,2024-05-01
311,159371,4103,beauty,South,306.1,2,2024-05-05
312,90705,3652,toys,West,476.47,3,2023-03-28
313,44297,1181,books,West,444.63,3,2023-07-25
314,124423,377,grocery,Central,427.02,5,2023-06-28
315,137872,1952,grocery,North,443.81,2,2024-04-26
316,130647,4811,home,West,151.57,1,2024-06-17
317,156898,3316,sports,Central,452.07,5,2024-06-14
318,54898,1652,books,Central,316.22,3,2024-11-16
319,129741,4413,grocery,Central,253.35,1,2024-07-15
320,55287,1091,home,South,224.33,3,2023-08-23
321,125564,2716,electronics,South,40.61,4,2023-03-20
322,89398,4421,books,East,236.04,4,2024-03-24
323,183554,1376,electronics,East,472.15,2,2024-10-30
324,147645,74,beauty,Central,333.04,2,2024-12-12
325,137887,2627,books,East,217.92,3,2023-06-18
326,27739,285,toys,West,71.21,3,2023-06-22
327,20514,358,sports,West,59.8,5,2023-01-28
328,152248,4497,grocery,North,305.08,4,2023-04-14
329,138386,3951,electronics,North,59.29,2,2024-02-10
330,188787,3569,electronics,West,169.29,5,2024-02-04
331,74779,516,books,North,457.77,2,2023-09-28
332,81736,4741,books,North,77.09,5,2023-08-15
333,79215,4880,grocery,East,217.63,2,2024-08-28
334,95346,758,apparel,South,203.94,4,2023-12-02
335,185948,248,apparel,South,265.15,3,2024-08-13
336,76912,808,electronics,Central,107.87,1,2024-12-04
337,95898,3045,sports,South,467.0,4,2023-08-20
338,192496,96,toys,Central,136.2,1,2023-05-28
339,15426,1122,sports,North,461.35,5,2024-11-26
340,175438,3684,electronics,East,199.08,3,2024-04-08
341,2933,2822,beauty,North,14.79,3,2023-08-01
342,162566,989,electronics,Central,201.03,3,2024-03-29
343,161480,3274,sports,West,197.86,2,2024-01-11
344,111434,2697,home,East,308.29,5,2024-10-23
345,12476,4121,home,Central,14.35,1,2023-07-06
346,98269,3217,sports,East,439.7,4,2024-12-24
347,138601,1851,beauty,North,272.62,2,2024-11-14
348,110673,2268,apparel,South,28.11,4,2023-05-12
349,119362,3042,home,South,7.41,4,2023-05-01
350,133564,4664,home,South,149.76,1,2024-01-25
351,84042,4237,electronics,Central,222.77,1,2023-02-02
352,4071,37,sports,South,126.31,3,2023-08-07
353,55999,2025,home,Central,34.22,5,2023-11-14
354,185675,1301,books,West,63.13,2,2024-12-08
355,129411,425,beauty,North,456.91,5,2024-12-25
356,176727,186,toys,Central,208.09,5,2023-04-21
357,21002,409,apparel,South,360.05,2,2024-10-12
358,45811,450,apparel,West,116.77,3,2023-03-08
359,147795,1236,home,West,161.25,4,2024-06-30
360,104831,410,beauty,East,326.85,4,2024-09-09
361,57962,4856,toys,East,284.15,2,2024-10-12
362,169498,1822,books,East,377.35,4,2023-06-13
363,146285,1662,grocery,North,442.83,2,2024-10-14
364,141175,2983,toys,Central,320.99,2,2023-03-26
365,116265,2125,home,Central,298.29,1,2024-01-14
366,23763,4632,sports,West,129.68,4,2023-12-09
367,44301,4375,apparel,South,377.39,1,2023-08-19
368,111271,1508,books,South,65.93,4,2023-01-17
369,94106,2628,beauty,South,425.24,1,2024-07-17
370,34472,1408,books,West,375.16,3,2023-09-02
371,196034,4002,apparel,Central,244.98,3,2024-04-28
372,29642,3793,sports,East,131.69,1,2023-10-27
373,55463,1207,grocery,North,224.13,3,2023-09-30
374,113877,2600,beauty,East,356.9,5,2024-10-08
375,35208,394,beauty,Central,178.74,1,2023-03-10
376,112329,4472,toys,East,205.74,3,2024-06-21
377,37186,4823,sports,Central,431.16,2,2024-06-29
378,195320,1874,books,West,370.05,5,2023-10-05
379,97676,3785,beauty,North,288.43,2,2023-07-11
380,76674,2141,home,West,93.32,5,2023-01-04
381,181952,3865,grocery,South,42.3,3,2024-11-14
382,94864,913,home,Central,303.45,3,2024-11-22
383,137170,2795,electronics,East,142.31,1,2023-06-25
384,93719,4170,home,West,131.1,1,2023-01-24
385,39450,3611,electronics,North,324.22,3,2023-03-31
386,70093,841,apparel,North,311.34,2,2023-02-19
387,8517,1531,grocery,South,406.12,3,2024-08-29
388,58355,2691,grocery,West,350.78,1,2024-10-13
389,15688,4876,grocery,South,380.83,2,2023-04-22
390,48841,4591,books,East,118.3,3,2024-06-29
391,66082,4350,beauty,East,447.7,3,2023-05-11
392,98366,2880,sports,Central,104.26,3,2023-09-26
393,20087,3447,grocery,South,382.89,2,2024-03-13
394,35497,123,home,North,128.12,2,2024-06-09
395,67618,2209,beauty,North,17.72,5,2024-09-30
396,100250,2187,electronics,South,164.39,1,2023-02-02
397,107526,3785,apparel,West,426.22,1,2023-05-24
398,176083,1956,home,Central,139.02,4,2023-07-24
399,120965,170,books,Central,332.8,1,2023-08-15
400,119220,1079,beauty,South,168.44,1,2024-12-29
401,135771,3498,grocery,South,360.6,5,2024-07-21
402,109428,3579,toys,Central,215.56,5,2023-08-22
403,74933,4969,electronics,Central,19.23,3,2024-12-10
404,69700,3759,sports,East,69.18,4,2023-12-31
405,81250,89,home,East,243.49,3,2024-01-01
406,147830,2158,beauty,North,83.47,2,2023-11-13
407,50860,4354,home,Central,153.03,3,2023-04-16
408,32492,3060,grocery,North,460.9,2,2024-11-13
409,108019,126,books,Central,337.7,3,2023-01-11
410,136308,365,toys,East,431.62,5,2023-05-08
411,46642,704,home,North,433.98,2,2023-06-17
412,124731,1085,grocery,East,334.19,5,2023-07-23
413,10742,3623,toys,Central,433.34,4,2023-04-07
414,93096,2599,books,East,105.69,4,2023-01-14
415,178733,4388,electronics,South,370.29,4,2024-05-09
416,143489,3106,beauty,Central,353.79,4,2024-12-08
417,22477,2496,electronics,North,220.79,5,2023-03-30
418,136032,3734,apparel,North,32.42,2,2023-08-05
419,189295,3670,sports,North,87.51,3,2024-01-05
420,31603,281,toys,South,313.19,4,2024-11-08
421,105490,1942,toys,West,223.85,1,2024-05-21
422,94634,387,sports,Central,220.8,1,2024-07-13
423,58170,2865,toys,East,391.0,1,2024-02-29
424,192551,4207,electronics,North,378.44,2,2023-11-01
425,133336,1070,books,South,303.27,1,2023-05-26
426,123825,4989,sports,North,455.98,3,2024-09-22
427,68761,386,home,Central,255.91,2,2024-08-10
428,137737,4310,home,East,348.88,5,2023-01-19
429,165414,2952,apparel,North,245.9,5,2024-06-06
430,125561,1755,home,West,68.4,5,2023-03-03
431,87059,2523,home,North,311.92,5,2024-06-23
432,13324,2105,sports,East,399.32,1,2024-08-25
433,8575,4329,books,West,185.82,3,2023-04-06
434,124374,1011,sports,North,376.14,1,2023-11-13
435,87765,1334,books,East,122.38,5,2023-04-01
436,98139,2821,sports,South,145.5,2,2024-02-19
437,198850,1181,electronics,North,365.84,5,2024-11-08
438,187757,3108,sports,South,371.17,5,2023-03-01
439,34968,3310,books,West,424.83,2,2023-10-18
440,16548,1728,apparel,North,117.45,3,2024-12-11
441,20743,1727,grocery,North,487.6,1,2023-08-08
442,54301,1089,apparel,East,174.79,5,2023-04-07
443,195256,2991,electronics,West,263.2,4,2023-12-23
444,2525,4758,electronics,North,36.17,2,2024-01-07
445,42914,1492,grocery,South,420.12,5,2024-04-28
446,79771,1689,electronics,East,140.0,1,2023-08-18
447,140168,3472,books,North,342.93,4,2024-11-28
448,92890,4746,grocery,North,431.28,5,2024-01-16
449,97643,1336,grocery,South,291.54,5,2023-07-29
450,4,412,home,West,76.75,3,2024-12-02
451,90200,1621,home,North,189.08,2,2024-11-06
452,126124,345,toys,East,240.65,2,2023-12-31
453,198214,3352,toys,North,418.17,1,2023-01-19
454,86516,4624,sports,Central,306.59,4,2024-03-11
455,104912,4683,home,North,72.17,3,2024-02-10
456,184504,3511,home,East,468.94,1,2023-04-19
457,114030,4929,beauty,North,118.32,5,2024-04-07
458,66682,4004,toys,North,427.97,3,2024-09-05
459,64328,1483,apparel,South,396.56,2,2023-03-19
460,85931,976,beauty,East,433.78,5,2024-06-12
461,107650,306,beauty,Central,363.35,5,2023-04-13
462,51219,1066,grocery,North,235.53,4,2024-06-30
463,181587,804,toys,Central,327.25,1,2023-11-02
464,127810,3585,apparel,East,133.76,5,2023-01-05
465,35597,2073,apparel,South,77.23,3,2024-12-06
466,194794,4433,books,East,95.79,3,2023-05-02
467,168580,2321,home,North,56.75,2,2024-03-11
468,24462,1179,electronics,North,345.58,3,2023-05-13
469,24611,556,grocery,North,213.11,2,2024-11-12
470,176858,1784,beauty,South,270.58,5,2024-06-22
471,65877,1364,apparel,Central,497.96,1,2024-08-10
472,44838,974,grocery,West,78.48,4,2023-11-12
473,59265,4300,apparel,North,265.29,5,2023-12-08
474,153601,4789,books,West,83.52,3,2024-04-08
475,133159,4447,beauty,Central,209.39,3,2024-07-26
476,20934,2502,grocery,North,233.75,1,2024-09-10
477,36770,2233,toys,North,185.19,2,2023-01-14
478,120906,4266,grocery,South,234.63,4,2024-04-29
479,108929,2338,beauty,West,82.03,1,2023-03-21
480,127233,3451,apparel,Central,233.32,2,2023-07-30
481,140891,4839,books,West,465.1,3,2024-08-28
482,128029,4490,grocery,Central,132.43,3,2023-07-02
483,182291,1659,grocery,North,111.14,5,2024-08-04
484,38768,945,grocery,East,377.02,4,2023-12-04
485,171379,2381,beauty,North,4.4,5,2023-06-19
486,92502,2229,sports,Central,44.16,2,2023-09-01
487,60653,1450,apparel,East,307.93,5,2024-01-23
488,169964,4294,sports,North,326.66,4,2024-07-12
489,32091,2873,apparel,South,202.51,2,2024-03-18
490,68057,4594,toys,East,366.13,3,2024-11-12
491,63162,2471,sports,East,399.12,4,2024-09-25
492,34629,2574,toys,Central,132.88,3,2024-07-03
493,184698,2107,sports,East,64.44,5,2024-03-16
494,87887,742,toys,South,387.51,3,2023-07-31
495,193032,333,home,West,174.12,4,2023-10-29
496,150779,579,grocery,North,489.22,1,2023-03-28
497,99839,723,apparel,South,442.11,4,2023-10-01
498,175310,396,books,Central,156.51,2,2024-11-07
499,34360,2579,apparel,North,152.03,5,2023-11-07
500,90920,4030,toys,West,160.65,1,2023-03-25
501,13872,1126,grocery,South,467.94,1,2024-04-20
502,60885,1551,electronics,South,442.84,2,2024-12-03
503,61416,549,toys,Central,111.51,1,2024-09-25
504,60619,3073,electronics,East,371.84,5,2023-07-20
505,64913,3699,electronics,East,66.54,2,2023-11-28
506,5272,2846,books,North,184.66,2,2024-01-23
507,65314,4189,home,North,117.14,1,2023-06-30
508,29469,4795,sports,East,410.3,5,2023-07-16
509,48834,206,beauty,South,467.95,4,2023-06-22
510,119015,3654,home,South,38.37,4,2024-12-27
511,180407,3907,sports,East,459.84,5,2024-06-28
512,184881,3421,books,Central,448.69,4,2024-09-05
513,112443,2692,toys,East,21.66,4,2024-08-19
514,43426,2079,grocery,Central,197.36,4,2024-12-01
515,54686,4295,books,West,364.35,1,2023-03-18
516,59058,3277,books,North,8.97,5,2024-10-05
517,149422,4343,electronics,Central,387.87,4,2023-02-18
518,85478,3748,home,South,188.61,2,2023-12-14
519,7625,3998,electronics,North,145.63,4,2024-03-09
520,134195,4911,home,North,126.84,5,2023-09-19
521,190118,1285,home,Central,36.51,1,2023-04-17
522,30992,2185,books,West,67.19,2,2023-05-21
523,112157,3828,beauty,Central,146.54,4,2024-08-25
524,108474,997,toys,East,50.17,4,2023-08-21
525,125129,1285,grocery,South,445.98,1,2023-08-15
526,69761,3686,electronics,Central,78.72,1,2024-11-05
527,107841,4918,beauty,West,51.49,1,2023-04-16
528,168325,2661,books,East,118.36,3,2024-10-30
529,116276,2741,home,West,118.55,1,2024-11-03
530,183914,3217,sports,North,61.13,3,2024-03-12
531,69735,3352,electronics,East,429.69,2,2023-05-01
532,71267,3688,sports,North,87.04,3,2023-04-24
533,110118,3862,beauty,West,179.77,1,2023-07-27
534,61017,2132,home,East,274.19,1,2024-02-26
535,166669,57,books,East,17.14,2,2023-04-23
536,162488,2239,books,West,89.24,5,2023-11-29
537,128023,4912,sports,North,193.02,5,2023-03-26
538,110889,4670,sports,East,165.23,1,2024-01-30
539,136920,4950,grocery,Central,249.03,2,2023-01-16
540,108772,1005,electronics,East,292.13,3,2024-06-01
541,125432,2533,apparel,East,73.34,4,2023-02-10
542,178688,2835,toys,North,138.57,2,2023-05-23
543,111059,2704,toys,West,183.67,1,2023-05-08
544,196061,2927,electronics,East,190.16,4,2024-08-29
545,193093,527,grocery,Central,327.22,1,2023-02-08
546,103688,108,home,North,422.14,1,2023-11-10
547,82826,1839,sports,East,225.71,2,2024-03-07
548,68281,3435,sports,Central,133.05,2,2024-01-12
549,124280,2010,grocery,East,175.06,1,2024-05-11
550,80560,2841,beauty,Central,492.76,5,2024-08-09
551,174980,2184,beauty,South,453.29,2,2023-10-15
552,83461,4276,electronics,South,429.96,3,2024-08-27
553,151129,1519,sports,West,119.07,5,2023-08-21
554,114710,1991,electronics,West,73.47,5,2024-12-19
555,132941,4626,sports,Central,179.41,5,2024-01-04
556,55535,4284,books,North,229.99,2,2024-06-21
557,172494,2989,books,North,471.01,3,2024-09-30
558,138309,2699,toys,North,147.06,1,2024-08-01
559,33781,942,toys,North,200.02,4,2024-09-13
560,29778,4953,sports,East,450.2,1,2024-01-27
561,45040,4380,home,West,408.2,4,2023-02-01
562,64970,4773,toys,East,156.06,2,2023-12-26
563,45819,1282,beauty,Central,127.1,4,2023-05-13
564,142777,2585,grocery,South,224.02,3,2024-10-11
565,52520,812,beauty,North,184.26,4,2023-06-22
566,25069,2240,books,North,461.43,4,2023-06-16
567,153267,4536,sports,North,4.45,3,2023-07-02
568,12822,1716,electronics,Central,323.71,1,2024-04-14
569,98703,2244,apparel,West,398.1,5,2024-02-21
570,197078,3732,books,East,310.05,1,2024-11-23
571,92157,2783,apparel,Central,51.97,3,2023-10-31
572,40609,2361,home,North,59.18,3,2023-07-26
573,116700,462,beauty,North,61.61,2,2023-02-05
574,121418,1512,apparel,East,433.04,3,2023-01-06
575,153841,1542,apparel,Central,261.03,3,2023-09-30
576,117818,3358,beauty,West,371.37,1,2024-11-06
577,112138,888,books,Central,359.71,5,2024-01-18
578,70622,3743,toys,East,17.56,3,2024-10-14
579,120860,2026,apparel,Central,53.53,3,2023-03-16
580,191722,4926,electronics,North,419.31,3,2023-03-10
581,187367,4393,grocery,South,322.14,4,2024-08-31
582,162368,57,home,Central,174.08,3,2023-03-19
583,93028,4360,electronics,West,306.73,5,2023-02-07
584,121200,2201,home,West,127.92,4,2023-10-22
585,197717,3330,apparel,North,145.86,1,2024-11-06
586,198194,1276,electronics,Central,279.66,4,2024-05-18
587,13892,245,home,West,304.79,5,2023-03-14
588,199923,1526,electronics,East,39.45,1,2024-09-03
589,107229,127,apparel,South,115.99,1,2024-09-07
590,4676,257,home,West,344.0,3,2024-08-07
591,88471,928,beauty,West,184.66,3,2024-10-20
592,59814,2453,beauty,Central,190.23,3,2023-06-25
593,57391,2670,beauty,East,96.95,1,2024-12-16
594,183906,3882,electronics,Central,135.74,4,2023-08-23
595,91782,3928,home,South,60.53,4,2024-08-08
596,121439,3200,toys,Central,272.0,1,2024-02-27
597,84937,3570,grocery,Central,129.57,2,2024-07-23
598,101010,2764,apparel,East,487.28,2,2024-04-03
599,9495,3437,toys,West,89.15,3,2024-04-14
600,35137,4733,beauty,Central,341.48,3,2024-03-25
601,187784,4739,grocery,South,464.64,5,2024-07-22
602,191805,3087,apparel,North,63.89,1,2024-06-23
603,108437,840,home,North,317.31,1,2023-04-09
604,49493,3611,apparel,East,241.2,5,2024-08-26
605,6041,3687,apparel,West,157.05,3,2024-01-27
606,1255,15,home,East,352.58,1,2023-08-24
607,126385,1825,grocery,East,45.71,5,2024-01-11
608,25092,4905,sports,West,312.7,3,2024-12-06
609,156335,375,apparel,North,181.86,3,2024-09-18
610,66851,1508,grocery,West,213.35,5,2024-08-31
611,44492,3061,toys,East,284.89,5,2023-12-04
612,34186,3117,toys,West,86.58,4,2024-07-26
613,170206,3692,home,Central,16.31,4,2023-10-09
614,154453,3090,sports,South,430.01,1,2024-05-15
615,16973,1242,toys,South,201.45,2,2024-04-11
616,99102,1050,electronics,East,302.36,2,2023-07-02
617,82728,1374,grocery,North,93.18,3,2023-07-14
618,71215,3158,sports,South,236.1,4,2023-02-14
619,53714,4201,books,West,36.2,3,2023-04-13
620,156866,2862,grocery,North,189.43,2,2023-11-13
621,31174,2060,beauty,West,170.22,3,2023-12-15
622,77830,1281,beauty,North,196.97,1,2023-05-01
623,109005,3684,books,East,110.08,1,2023-11-01
624,95966,2004,toys,Central,161.82,1,2024-03-17
625,46241,4938,beauty,East,106.59,5,2023-06-19
626,93577,2946,grocery,South,117.19,5,2023-09-04
627,3710,64,beauty,Central,262.0,1,2023-09-26
628,13825,4556,sports,West,352.45,4,2024-01-04
629,19640,1079,books,South,480.6,3,2023-09-25
630,102532,799,books,West,384.08,1,2024-06-21
631,70736,4193,apparel,West,388.9,5,2023-08-28
632,55349,2625,electronics,West,372.9,4,2023-11-13
633,159157,1750,beauty,South,144.98,5,2023-10-05
634,158643,3913,home,South,54.78,1,2023-05-14
635,76714,1164,apparel,North,445.3,4,2024-05-15
636,169019,4173,sports,Central,44.83,1,2023-06-21
637,63710,522,toys,Central,183.07,4,2023-08-05
638,52037,3139,beauty,West,295.99,2,2024-08-01
639,16220,334,apparel,North,473.02,1,2024-11-23
640,159168,3146,books,Central,237.68,3,2024-05-04
641,72094,363,toys,West,292.69,1,2024-10-30
642,175600,2169,sports,North,76.17,2,2024-09-15
643,196762,4559,books,East,282.98,4,2023-12-18
644,5919,4854,apparel,East,249.79,3,2024-07-16
645,17556,2839,electronics,North,176.38,1,2023-08-28
646,70836,2668,books,West,58.93,4,2023-12-03
647,79301,3811,home,East,98.59,4,2024-01-26
648,188981,1156,home,North,284.79,5,2024-12-02
649,190894,1702,toys,South,221.87,2,2024-09-11
650,142891,1814,toys,Central,131.01,5,2023-12-24
651,153477,3935,grocery,South,336.13,4,2024-04-21
652,6840,2842,books,Central,6.48,1,2023-05-28
653,122436,469,electronics,North,447.8,4,2024-08-10
654,38022,1267,home,North,452.77,1,2024-02-08
655,168576,784,beauty,West,59.58,3,2024-01-24
656,35803,1310,apparel,North,262.93,4,2024-07-13
657,10943,2167,books,Central,9.96,4,2024-04-07
658,163543,2035,grocery,West,452.8,4,2023-02-22
659,109004,553,beauty,Central,157.53,5,2023-07-30
660,184726,2275,home,East,303.41,5,2023-05-10
661,124138,4996,toys,West,181.23,4,2024-06-20
662,159946,2467,beauty,Central,359.72,3,2023-01-26
663,48385,3083,electronics,North,275.45,4,2023-05-28
664,22664,1592,sports,Central,275.63,1,2024-03-12
665,53005,4029,beauty,West,13.05,2,2024-05-22
666,169180,2799,books,East,372.3,5,2024-01-03
667,103297,3003,sports,West,154.1,5,2024-09-20
668,134242,2273,apparel,East,466.2,2,2024-11-01
669,68527,2047,sports,East,77.46,3,2023-04-07
670,15084,4890,beauty,North,496.08,3,2024-11-26
671,130544,1502,toys,East,374.88,2,2024-03-24
672,155118,4678,books,East,411.78,2,2024-04-09
673,6827,1953,beauty,North,55.91,2,2023-03-11
674,377,4096,toys,West,116.94,3,2024-03-29
675,72154,1405,books,East,91.71,2,2024-06-13
676,91309,4309,toys,North,447.81,4,2024-02-28
677,104496,1558,grocery,Central,21.16,3,2023-03-03
678,78397,2005,beauty,East,360.5,3,2024-01-17
679,47087,3415,books,Central,212.27,2,2024-11-14
680,172238,600,sports,West,180.89,1,2024-06-12
681,78659,579,grocery,West,323.19,4,2023-04-11
682,46450,3277,grocery,East,314.2,3,2024-12-01
683,26865,2722,electronics,East,385.6,2,2024-11-30
684,189333,2508,sports,North,435.78,4,2023-05-04
685,120719,2740,apparel,Central,324.77,3,2024-08-07
686,175691,2891,home,South,429.44,4,2023-10-24
687,49854,4870,books,East,27.74,2,2024-03-09
688,82889,1963,beauty,Central,22.7,4,2023-11-21
689,127010,862,books,North,456.54,4,2024-07-25
690,150957,3413,electronics,North,192.31,3,2024-12-28
691,162547,2937,toys,North,248.08,1,2024-08-03
692,102810,4911,books,Central,335.87,3,2024-11-10
693,34053,2577,sports,South,355.17,1,2024-11-21
694,90556,4141,books,East,320.05,5,2023-03-07
695,117846,170,toys,South,178.26,5,2023-07-04
696,18940,1844,grocery,North,425.45,2,2024-06-10
697,11817,3864,books,West,185.96,5,2024-03-06
698,186626,3138,grocery,East,396.51,4,2023-02-06
699,106505,4401,electronics,South,169.72,5,2023-03-11
700,131431,4233,apparel,East,176.12,3,2024-01-15
701,56343,1561,sports,East,193.5,4,2024-03-25
702,26968,2317,sports,East,219.87,2,2023-05-03
703,94300,114,books,South,105.62,2,2023-05-06
704,195790,4721,electronics,North,309.0,3,2023-04-05
705,116921,438,toys,East,376.15,4,2024-02-17
706,80825,3964,beauty,South,179.76,3,2023-01-06
707,114479,2974,toys,North,82.75,4,2024-02-22
708,180706,628,apparel,Central,72.42,2,2023-12-14
709,124356,3616,toys,Central,471.79,4,2023-12-07
710,145401,3044,toys,East,284.7,3,2024-05-10
711,176404,1998,apparel,East,296.4,5,2024-01-17
712,45892,2254,toys,North,299.47,1,2024-06-15
713,180305,4342,electronics,West,391.38,1,2024-07-11
714,133410,3805,toys,North,227.3,2,2024-11-02
715,40651,1684,electronics,East,20.99,5,2024-08-06
716,71235,1562,toys,North,207.03,1,2024-01-13
717,50080,3051,home,West,274.67,4,2023-12-26
718,8573,2235,apparel,West,335.4,5,2023-06-22
719,3088,1631,apparel,Central,414.42,2,2024-03-13
720,155354,4822,toys,South,156.97,1,2023-04-12
721,136103,4025,electronics,South,296.41,2,2024-11-10
722,199753,1826,grocery,North,470.79,2,2024-09-08
723,23439,117,books,East,311.66,4,2023-03-29
724,105840,4191,beauty,South,98.5,4,2024-07-27
725,30652,858,books,Central,15.41,3,2023-03-27
726,143510,421,toys,West,458.89,1,2024-06-10
727,98827,2450,electronics,West,467.56,3,2023-03-06
728,2800,3608,apparel,Central,169.5,3,2023-12-23
729,49441,3180,sports,West,435.31,3,2024-04-25
730,101421,1487,home,North,80.01,4,2024-06-16
731,154480,4057,beauty,West,34.87,3,2023-11-02
732,175368,2627,grocery,South,392.73,2,2024-11-03
733,131403,1330,grocery,South,2.47,5,2024-07-19
734,27247,3308,home,East,287.97,1,2023-06-02
735,169463,4215,electronics,East,398.86,5,2024-05-04
736,120069,1316,apparel,North,410.65,3,2024-06-17
737,29065,41,beauty,North,456.05,3,2023-09-01
738,79971,303,electronics,East,499.76,3,2024-06-22
739,175837,1772,home,Central,35.78,5,2024-10-17
740,26370,1922,electronics,West,28.9,4,2024-08-19
741,162250,526,apparel,North,430.78,4,2024-07-10
742,67057,4426,sports,East,339.93,1,2024-04-08
743,81135,4915,apparel,Central,53.07,2,2023-07-17
744,130046,2272,grocery,East,268.72,1,2024-08-03
745,151830,565,grocery,North,474.93,5,2023-09-23
746,178263,2163,apparel,East,449.78,1,2024-01-24
747,189535,2999,books,South,458.4,3,2023-08-18
748,110503,4067,grocery,East,115.73,4,2023-08-17
749,147090,3526,electronics,Central,12.51,4,2023-04-26
750,26439,4107,apparel,East,102.17,2,2024-12-02
751,11888,718,beauty,East,242.19,4,2023-04-18
752,115949,3676,electronics,South,431.04,3,2023-03-04
753,118322,3128,home,North,453.54,3,2024-11-14
754,55287,2630,grocery,Central,440.17,4,2024-02-10
755,145520,1493,sports,East,97.49,4,2023-11-16
756,59920,4770,toys,West,144.46,4,2024-06-22
757,169022,2462,toys,Central,241.37,1,2023-10-07
758,151829,274,apparel,North,406.57,1,2023-04-04
759,73172,1487,electronics,West,405.58,1,2024-06-16
760,127877,692,electronics,West,291.34,2,2023-05-09
761,14790,149,electronics,South,425.85,2,2024-02-08
762,144853,1011,sports,West,159.28,4,2024-11-23
763,190858,3380,sports,East,215.82,1,2024-11-14
764,11623,3714,electronics,East,196.05,1,2023-09-21
765,164100,4245,books,Central,55.29,3,2024-07-23
766,36583,1242,apparel,West,161.73,4,2024-03-23
767,55373,508,sports,West,482.68,3,2023-12-16
768,60205,125,electronics,Central,362.24,2,2023-04-13
769,17622,1802,beauty,North,229.85,5,2023-10-02
770,182842,2351,sports,West,426.06,3,2024-04-20
771,33744,3904,grocery,East,338.18,2,2024-12-21
772,165451,870,electronics,Central,109.32,5,2023-01-04
773,125561,2796,books,East,374.35,4,2024-06-07
774,56451,2449,toys,Central,261.09,4,2024-09-09
775,160600,4357,apparel,East,372.54,3,2024-11-25
776,11691,318,grocery,North,497.75,4,2023-11-06
777,107063,3847,apparel,South,488.88,1,2023-03-28
778,73927,3847,toys,West,398.13,3,2023-07-17
779,188579,2246,sports,South,421.91,1,2024-09-12
780,107630,2346,electronics,Central,209.33,5,2024-10-02
781,21587,1250,electronics,West,438.15,4,2024-04-10
782,56173,1151,toys,South,374.98,5,2023-03-31
783,145615,4463,toys,West,313.62,5,2023-03-31
784,64451,1549,beauty,South,367.47,2,2023-12-16
785,123138,2909,electronics,Central,432.65,5,2024-03-05
786,110083,1424,books,East,255.0,1,2023-01-24
787,161576,282,grocery,West,361.44,3,2024-05-15
788,58842,2510,toys,North,208.28,1,2024-02-02
789,29833,2494,apparel,West,465.22,2,2023-01-09
790,64283,1635,apparel,South,425.97,4,2023-03-11
791,145707,85,home,South,455.32,1,2023-11-28
792,29930,234,toys,East,99.47,4,2024-06-11
793,89585,3041,home,Central,127.56,4,2024-08-25
794,169097,2168,electronics,North,133.53,3,2023-11-11
795,156662,2672,sports,West,74.25,2,2023-08-04
796,19017,992,grocery,East,55.61,4,2024-12-07
797,21969,469,home,West,395.76,4,2023-12-01
798,168224,4512,sports,South,467.55,4,2023-08-19
799,53418,2408,home,East,177.28,4,2023-11-19
800,111464,2638,beauty,North,472.92,2,2023-01-09
801,106269,3405,home,West,469.43,2,2023-08-09
802,131939,4185,sports,South,252.31,3,2024-01-12
803,140612,4487,electronics,Central,20.15,5,2024-11-01
804,109563,610,apparel,South,265.93,1,2024-06-22
805,182708,1643,home,North,8.24,1,2024-07-24
806,93620,2992,beauty,South,102.13,2,2024-02-02
807,194458,2998,sports,North,167.73,3,2023-03-22
808,91004,4186,sports,West,103.23,5,2023-10-13
809,75954,2372,home,North,274.39,1,2024-12-28
810,79343,2359,books,Central,114.21,2,2023-02-02
811,137001,2636,apparel,East,149.82,3,2024-10-03
812,34281,1503,sports,North,471.57,2,2024-05-14
813,47351,4878,home,East,235.26,4,2023-07-27
814,15880,3869,apparel,West,291.67,1,2024-07-21
815,103306,4342,apparel,Central,439.9,2,2024-09-02
816,1797,2219,sports,West,129.35,4,2023-02-01
817,99221,3820,apparel,Central,59.25,3,2023-03-19
818,122437,4277,sports,North,89.34,5,2024-04-30
819,111137,20,electronics,West,312.33,1,2024-12-30
820,145352,3895,electronics,East,360.46,1,2023-01-18
821,33262,643,grocery,West,380.24,1,2024-04-30
822,56059,3092,home,East,174.1,1,2023-04-10
823,143867,1893,apparel,Central,36.45,4,2024-04-19
824,82132,4843,sports,North,28.19,4,2024-03-31
825,74090,77,toys,Central,476.66,2,2023-03-08
826,99340,2329,home,East,24.53,4,2024-05-11
827,15462,1404,apparel,South,77.82,2,2024-10-16
828,83898,74,grocery,North,95.49,3,2024-09-22
829,165610,659,beauty,East,224.3,4,2023-01-22
830,93959,623,sports,East,351.8,5,2023-06-29
831,38480,1931,toys,South,176.18,5,2023-06-25
832,170211,2652,home,South,117.64,3,2023-11-27
833,116902,1683,toys,Central,229.37,4,2023-04-15
834,155088,4647,beauty,Central,464.64,5,2024-09-15
835,107887,3182,books,East,155.44,5,2024-07-21
836,21856,1670,home,East,7.37,2,2024-08-13
837,125633,2420,grocery,East,29.17,5,2023-05-25
838,5852,2502,toys,East,114.71,4,2023-01-11
839,157968,3413,sports,South,282.96,3,2024-10-26
840,198606,4883,electronics,West,118.33,2,2023-07-30
841,13728,1124,books,Central,242.8,1,2024-04-24
842,30805,1005,books,South,408.84,3,2024-10-25
843,167206,2934,sports,East,480.09,2,2023-01-27
844,187686,2632,grocery,East,154.55,4,2023-01-04
845,118825,2593,toys,Central,361.58,2,2023-01-04
846,31714,955,sports,South,262.85,5,2023-04-25
847,171773,4064,toys,West,84.9,4,2023-02-07
848,105570,4228,books,East,290.49,2,2024-08-21
849,13434,4029,toys,North,252.91,3,2024-03-18
850,60803,4552,home,Central,139.27,3,2024-12-16
851,146022,3704,books,North,258.08,5,2024-08-08
852,83248,556,grocery,East,194.04,1,2024-12-04
853,60217,1567,grocery,South,395.58,2,2023-06-24
854,29464,274,home,East,258.53,3,2023-07-30
855,130799,160,beauty,East,114.56,1,2024-09-12
856,197133,127,books,West,446.8,4,2023-06-28
857,107989,3820,sports,West,479.63,5,2023-02-11
858,97148,2203,electronics,Central,165.8,3,2024-05-03
859,26248,4054,electronics,South,155.38,4,2024-08-07
860,51103,2670,electronics,North,337.19,1,2024-12-07
861,14047,4438,electronics,West,466.02,3,2024-11-08
862,112960,1831,books,East,459.67,1,2023-03-29
863,85081,3300,home,North,228.92,5,2024-07-17
864,15369,2216,beauty,North,468.05,2,2024-09-09
865,119535,3242,toys,North,238.82,4,2024-05-24
866,173360,391,home,North,127.61,2,2024-08-21
867,172179,2468,sports,South,72.63,5,2024-09-03
868,178043,2207,home,East,10.02,3,2023-11-22
869,49644,623,toys,South,434.96,1,2023-01-30
870,62791,2290,books,East,67.37,1,2023-11-30
871,121223,1186,beauty,South,164.21,4,2023-05-28
872,92435,4309,grocery,West,180.92,2,2023-03-25
873,67037,3056,sports,East,431.47,4,2023-04-02
874,177033,2422,sports,South,108.99,2,2024-05-24
875,109216,1179,sports,South,411.69,5,2024-01-04
876,157684,3564,grocery,South,292.85,2,2024-01-30
877,165401,777,apparel,East,321.64,3,2024-06-27
878,1095,3417,books,West,466.71,3,2024-02-05
879,94534,4933,apparel,East,493.29,4,2024-04-04
880,15783,2718,sports,East,406.62,1,2023-03-04
881,39893,3980,toys,South,142.96,2,2024-09-13
882,129448,4647,apparel,North,194.94,2,2023-11-24
883,160138,1632,toys,West,372.18,5,2023-04-24
884,124723,4790,home,West,281.45,5,2024-08-16
885,176651,4813,beauty,East,281.28,3,2024-06-20
886,81129,4820,toys,Central,286.29,1,2023-02-08
887,197899,1637,books,South,289.23,2,2023-05-21
888,123729,1848,books,North,267.59,3,2023-01-12
889,50474,2567,apparel,East,250.05,4,2023-07-17
890,131072,4401,beauty,South,427.98,1,2023-03-14
891,41558,2000,grocery,East,308.77,5,2024-06-02
892,3214,1019,books,East,407.62,3,2024-01-17
893,89950,4719,sports,West,19.16,2,2024-12-16
894,44766,2992,toys,East,182.43,5,2024-07-01
895,185880,3581,books,North,329.4,1,2024-03-22
896,53819,1879,home,West,145.55,5,2024-01-07
897,131982,4108,toys,East,52.5,2,2023-02-09
898,163432,3567,home,West,305.31,2,2023-02-21
899,171864,590,sports,West,408.51,1,2024-03-25
900,19948,3346,electronics,West,24.57,5,2023-01-04
901,168765,1423,home,Central,141.91,3,2023-01-31
902,71688,1343,beauty,East,67.68,4,2023-06-09
903,146675,1050,sports,North,278.18,5,2024-10-07
904,24167,924,sports,South,411.31,2,2023-12-02
905,21454,4823,home,South,368.5,2,2024-06-01
906,144676,2641,toys,South,253.25,5,2023-10-28
907,103827,3829,electronics,North,227.99,5,2023-05-07
908,82202,2575,beauty,Central,490.76,3,2023-09-28
909,94685,897,sports,East,301.77,4,2023-03-08
910,67301,878,home,Central,184.44,4,2024-07-16
911,183962,2734,home,West,229.9,4,2023-05-14
912,73246,1800,beauty,South,456.06,2,2023-10-02
913,68706,1792,home,South,20.93,1,2024-12-16
914,110756,2199,sports,South,405.26,1,2024-03-08
915,116476,279,sports,East,494.39,3,2023-12-01
916,44460,4610,apparel,West,276.47,3,2024-02-01
917,95496,2582,sports,Central,431.83,1,2024-07-26
918,133315,1931,grocery,South,308.89,4,2023-07-05
919,7596,3521,sports,South,305.22,2,2024-04-09
920,106579,1592,apparel,West,134.25,2,2024-09-29
921,6552,4567,apparel,East,475.18,3,2024-02-22
922,153641,1528,toys,East,151.86,4,2023-11-22
923,137045,3780,sports,East,187.39,1,2023-04-16
924,184536,4356,sports,East,451.22,5,2023-07-01
925,116960,351,grocery,Central,273.07,5,2024-11-21
926,115609,2845,home,West,431.98,3,2024-01-31
927,95647,4524,grocery,North,484.26,4,2023-08-08
928,199616,2387,sports,Central,278.17,2,2023-11-02
929,122983,145,beauty,West,425.54,2,2024-02-26
930,61514,2483,electronics,South,194.4,4,2024-01-28
931,13861,3493,electronics,West,324.69,2,2024-05-25
932,18655,201,grocery,Central,155.51,2,2023-07-07
933,48434,170,beauty,Central,464.53,2,2024-04-18
934,116149,4112,grocery,North,409.98,1,2023-11-20
935,59414,754,beauty,North,411.97,3,2024-11-17
936,57078,4652,grocery,South,65.14,5,2023-04-26
937,52005,4585,apparel,Central,292.48,4,2023-04-19
938,193555,1747,home,North,473.75,1,2023-12-04
939,96975,3973,books,Central,482.83,3,2024-01-07
940,94688,1834,grocery,South,188.52,3,2024-05-19
941,174546,3459,beauty,West,249.09,3,2023-10-22
942,31807,4171,beauty,East,82.25,1,2024-10-29
943,175845,3026,home,East,243.8,5,2023-12-13
944,24084,151,sports,West,449.44,4,2023-04-05
945,110627,3588,sports,Central,234.32,5,2023-03-29
946,171244,4665,sports,North,442.67,3,2024-12-11
947,85436,4661,home,Central,261.97,4,2023-04-08
948,147731,3024,books,Central,226.31,2,2024-11-22
949,13701,2420,grocery,South,458.15,1,2023-07-22
950,31750,2453,home,West,95.06,2,2023-03-10
951,158538,1007,grocery,South,295.07,5,2023-08-11
952,177029,2695,apparel,North,305.52,1,2024-03-24
953,59606,386,beauty,Central,396.7,3,2023-11-09
954,4433,3978,beauty,West,47.07,1,2024-07-27
955,123070,1640,beauty,West,498.39,4,2024-03-22
956,68709,3369,sports,East,212.97,1,2023-10-20
957,182243,2395,beauty,North,143.81,3,2024-04-08
958,65770,4498,toys,East,393.5,3,2024-12-10
959,70788,4875,books,South,453.06,3,2023-10-28
960,186288,3460,apparel,Central,131.55,3,2023-04-23
961,195155,3010,home,Central,131.56,4,2023-10-26
962,30839,2743,electronics,West,49.01,1,2024-09-05
963,136326,1280,home,North,289.74,1,2023-06-08
964,60683,178,books,North,170.11,2,2024-11-23
965,71312,4499,beauty,West,496.91,1,2024-03-05
966,122321,258,beauty,East,171.93,2,2024-03-15
967,174920,2682,electronics,West,105.58,2,2023-08-20
968,185746,2917,beauty,North,368.87,3,2024-11-02
969,1888,4922,beauty,South,338.34,3,2023-01-27
970,103002,1160,grocery,East,19.82,2,2023-08-07
971,62197,3865,home,East,193.47,3,2023-11-02
972,145588,1803,books,North,73.55,5,2023-12-15
973,133716,3998,home,North,199.92,4,2023-12-13
974,53267,246,home,West,291.09,5,2023-04-18
975,119504,3083,electronics,South,105.18,2,2023-06-14
976,186198,2845,toys,Central,498.35,4,2023-03-11
977,9916,1879,home,West,238.36,3,2024-02-22
978,77602,2881,sports,South,111.37,4,2023-09-14
979,138733,1235,apparel,East,114.13,1,2024-02-18
980,136053,305,apparel,Central,243.94,3,2024-03-06
981,186755,633,sports,South,298.51,1,2024-05-27
982,111710,842,books,Central,420.91,1,2024-02-04
983,168560,2550,toys,North,300.58,1,2024-04-18
984,197538,3394,beauty,South,223.0,1,2024-03-04
985,197349,2842,electronics,South,107.81,1,2024-04-21
986,32221,2002,sports,West,343.62,3,2024-03-26
987,26524,1750,books,Central,98.93,2,2023-08-19
988,188662,553,toys,West,224.03,2,2023-06-29
989,179969,4322,beauty,West,17.55,5,2024-07-28
990,75404,567,toys,South,412.13,4,2023-09-08
991,23077,1796,toys,South,436.41,5,2024-02-05
992,171862,892,beauty,Central,137.33,3,2023-05-24
993,29603,3985,toys,East,386.19,5,2023-11-11
994,157893,260,beauty,North,449.85,2,2024-01-22
995,85365,2310,books,South,270.57,2,2024-04-01
996,136386,3237,electronics,North,351.75,4,2024-01-20
997,118119,4548,home,Central,383.86,2,2023-09-21
998,94441,2369,books,Central,490.84,5,2024-12-03
999,128829,2510,toys,Central,13.74,2,2024-01-10
1000,145333,3835,sports,North,475.97,4,2024-08-13
1001,165766,545,home,West,381.37,4,2024-06-21
1002,76794,3570,beauty,Central,55.62,3,2024-02-12
1003,115434,2731,sports,West,154.06,1,2024-10-09
1004,125179,1902,beauty,Central,61.88,2,2023-04-04
1005,1484,3561,sports,North,358.35,2,2024-11-03
1006,68670,2283,apparel,North,172.91,3,2024-09-12
1007,134711,824,sports,East,143.29,3,2024-01-03
1008,153009,4484,home,South,413.89,3,2024-06-19
1009,25514,3682,beauty,North,178.18,3,2024-01-15
1010,176871,3046,home,East,313.02,1,2023-07-16
1011,183278,3914,home,South,146.74,2,2024-08-06
1012,177045,4934,beauty,North,222.54,3,2023-06-29
1013,160075,4604,toys,Central,156.94,3,2023-08-18
1014,60611,3307,grocery,Central,335.66,2,2024-01-15
1015,134584,3952,apparel,East,423.56,4,2024-09-03
1016,199934,233,books,North,184.03,5,2023-10-08
1017,126018,4515,sports,South,350.86,5,2023-12-27
1018,37006,2696,beauty,South,163.53,5,2023-01-31
1019,21362,4191,home,East,2.8,1,2023-03-26
1020,80162,4456,home,West,235.0,1,2023-02-10
1021,157826,4773,sports,South,263.68,5,2023-02-22
1022,28610,769,sports,East,271.36,5,2024-09-26
1023,134427,3830,beauty,East,305.37,2,2024-09-06
1024,856,3162,apparel,North,109.46,2,2024-08-22
1025,195012,2951,sports,Central,76.65,2,2023-02-10
1026,113533,3752,grocery,Central,249.9,3,2023-02-26
1027,57587,2737,books,East,482.12,2,2023-07-24
1028,158748,4581,home,West,103.28,4,2024-02-17
1029,89365,3180,beauty,East,110.94,4,2023-09-01
1030,34685,1981,apparel,North,482.45,2,2023-12-22
1031,11011,184,books,West,30.29,2,2023-05-07
1032,144963,195,apparel,Central,380.38,3,2024-06-17
1033,105592,4490,electronics,East,412.4,1,2023-08-18
1034,151261,269,electronics,West,388.31,5,2023-02-18
1035,111180,517,home,East,464.73,5,2024-06-26
1036,8971,1722,beauty,East,399.08,4,2024-10-21
1037,112171,2267,home,Central,270.87,3,2023-01-11
1038,114324,1010,beauty,South,418.41,5,2023-11-15
1039,50187,4196,beauty,North,241.86,3,2024-08-26
1040,43693,3298,electronics,West,277.52,5,2024-05-30
1041,132522,805,home,North,120.62,5,2024-09-17
1042,27788,2814,toys,South,210.0,1,2023-10-31
1043,164474,4783,books,West,470.57,1,2023-09-29
1044,194802,1348,grocery,West,221.47,3,2024-06-01
1045,63843,4178,grocery,East,103.41,3,2023-04-23
1046,165714,4616,apparel,North,481.74,3,2023-06-24
1047,9403,474,apparel,Central,313.19,5,2024-03-14
1048,150194,105,electronics,North,172.55,3,2024-05-02
1049,113237,3432,grocery,South,439.98,4,2023-03-29
1050,198647,3006,home,Central,381.28,2,2024-01-07
1051,143189,3541,beauty,North,428.44,5,2023-09-24
1052,2516,392,beauty,East,308.98,2,2024-01-02
1053,11133,2094,home,East,478.7,3,2024-11-30
1054,46456,4282,sports,Central,270.77,5,2023-02-25
1055,24616,4808,beauty,West,137.76,3,2024-12-27
1056,17254,3797,grocery,West,389.03,2,2023-11-25
1057,181793,469,home,Central,293.13,5,2024-07-17
1058,170981,1033,books,West,267.99,5,2023-11-06
1059,106056,81,beauty,North,175.58,3,2023-08-16
1060,185182,2085,toys,West,76.91,1,2024-07-16
1061,117647,4763,toys,South,265.11,2,2024-05-16
1062,19931,450,sports,West,164.25,4,2023-04-16
1063,174821,3556,toys,Central,489.78,3,2024-05-29
1064,160120,158,sports,South,126.03,1,2024-07-03
1065,103208,1355,beauty,West,141.4,2,2023-10-11
1066,152037,522,sports,South,157.61,5,2024-11-06
1067,117153,4784,beauty,South,316.12,1,2024-04-12
1068,136421,4325,toys,North,220.35,2,2023-09-01
1069,74373,630,toys,North,187.99,5,2023-01-08
1070,171024,2583,beauty,Central,425.8,2,2024-05-07
1071,156372,2447,home,East,306.76,1,2023-06-02
1072,162615,2780,toys,East,494.76,3,2024-07-06
1073,122893,1186,home,North,311.25,2,2024-01-19
1074,25540,2824,books,West,75.19,2,2023-12-07
1075,167557,2781,sports,East,293.76,3,2023-04-30
1076,180861,1997,grocery,South,22.26,5,2024-06-03
1077,10629,317,toys,East,467.66,2,2023-05-02
1078,146447,2814,electronics,East,229.19,2,2023-11-01
1079,47677,1694,grocery,South,267.19,4,2024-09-02
1080,62293,1478,home,East,326.82,5,2024-11-02
1081,23565,666,grocery,East,416.24,4,2024-12-23
1082,83880,4333,toys,Central,137.97,4,2024-11-30
1083,133555,4720,apparel,Central,303.66,2,2024-02-10
1084,196467,3746,toys,Central,110.04,2,2023-05-27
1085,135984,3693,toys,West,269.84,5,2024-09-04
1086,32604,1401,beauty,East,238.6,3,2024-08-08
1087,63327,4523,home,Central,385.55,3,2024-12-23
1088,22882,3155,apparel,North,216.7,5,2024-04-20
1089,169193,438,beauty,North,14.39,4,2023-04-14
1090,175715,3138,beauty,North,195.34,2,2024-01-03
1091,132082,3323,home,West,87.01,2,2023-11-24
1092,71513,4158,home,South,285.84,2,2024-09-07
1093,45573,1883,books,East,237.6,2,2023-10-14
1094,104225,2632,electronics,West,270.1,2,2023-08-28
1095,127483,3850,beauty,Central,142.76,5,2023-02-28
1096,40648,827,sports,East,408.93,5,2024-09-01
1097,27786,4928,grocery,West,9.22,5,2024-07-05
1098,152677,2512,sports,East,14.93,3,2023-01-31
1099,35279,4314,electronics,East,146.99,1,2023-11-13
1100,124027,4293,sports,South,89.55,1,2023-12-17
1101,78751,84,books,Central,27.44,2,2023-12-09
1102,175112,3657,home,East,301.85,4,2024-11-01
1103,151298,4345,apparel,South,490.55,1,2023-04-20
1104,138766,4838,sports,North,269.44,5,2023-08-12
1105,175926,1800,toys,East,149.58,5,2023-05-13
1106,50564,404,grocery,West,338.98,2,2023-06-28
1107,177962,2646,books,South,255.43,3,2024-10-24
1108,7499,2338,beauty,Central,263.08,5,2024-11-17
1109,187968,4226,electronics,South,69.14,4,2023-02-02
1110,152963,755,electronics,East,227.28,4,2024-04-06
1111,110768,2624,sports,South,390.26,5,2023-06-19
1112,24831,3179,home,South,418.91,2,2023-05-21
1113,86194,3753,electronics,South,426.32,5,2023-08-02
1114,183111,3608,books,Central,289.94,3,2023-05-22
1115,83782,1404,home,South,74.74,4,2023-12-24
1116,67121,2906,beauty,South,359.32,2,2024-12-27
1117,120628,4247,toys,South,105.52,2,2024-03-04
1118,86869,4458,apparel,West,217.93,2,2024-06-11
1119,167565,3803,home,Central,495.42,2,2023-12-27
1120,77570,964,apparel,East,70.28,1,2023-01-11
1121,18451,1158,apparel,West,142.16,4,2023-03-03
1122,169742,2631,grocery,West,45.76,3,2023-07-16
1123,172290,3418,apparel,Central,348.4,4,2023-06-27
1124,51591,1039,beauty,North,245.82,1,2024-09-05
1125,164918,884,grocery,West,11.42,4,2024-09-07
1126,176862,3383,home,East,263.4,3,2024-09-15
1127,159499,2851,home,South,407.9,5,2024-04-10
1128,148414,3165,home,East,368.33,2,2024-02-11
1129,170019,1280,beauty,South,132.25,4,2024-04-18
1130,2438,4791,electronics,North,99.59,2,2023-10-24
1131,24243,1432,sports,South,137.31,4,2024-05-04
1132,155270,2584,grocery,West,66.89,3,2024-08-02
1133,28396,2261,beauty,East,158.61,1,2024-07-10
1134,33598,1982,books,South,384.9,5,2024-03-24
1135,70547,2030,books,Central,228.43,2,2023-02-12
1136,158770,4524,home,East,115.14,1,2024-06-13
1137,154320,118,grocery,Central,89.05,5,2023-09-25
1138,86940,1226,toys,North,87.99,2,2024-06-26
1139,82771,2797,electronics,Central,374.05,4,2024-01-29
1140,83952,1437,toys,Central,391.94,3,2024-10-05
1141,180777,1850,home,South,11.86,1,2023-09-05
1142,78727,4671,home,East,219.64,5,2024-11-10
1143,153244,4869,books,East,263.46,1,2024-09-08
1144,136806,2790,grocery,South,448.95,4,2023-08-30
1145,113101,2173,sports,North,244.11,1,2023-12-19
1146,35841,3147,beauty,South,165.42,4,2024-01-23
1147,84486,3861,beauty,North,208.84,2,2024-07-15
1148,18699,4493,beauty,Central,383.17,1,2024-05-18
1149,178694,3149,books,North,422.71,2,2024-09-13
1150,80576,3222,toys,North,378.01,2,2023-09-28
1151,123996,4821,apparel,Central,437.11,1,2024-01-04
1152,54716,4050,beauty,South,69.64,5,2023-11-11
1153,45819,2371,home,East,163.46,5,2024-10-25
1154,169349,3793,apparel,North,273.85,3,2023-08-11
1155,51275,81,books,North,442.6,5,2024-03-04
1156,106118,730,books,West,434.67,5,2023-03-29
1157,5786,3684,sports,West,499.33,3,2024-09-12
1158,63471,63,grocery,East,67.58,5,2023-10-08
1159,11453,2226,books,East,495.29,3,2023-09-06
1160,44825,1897,toys,Central,124.86,5,2024-03-01
1161,16796,3588,sports,West,102.08,4,2023-12-31
1162,156534,2503,apparel,Central,135.86,5,2024-09-11
1163,174636,3249,books,South,221.72,3,2024-01-23
1164,176577,2438,toys,East,36.27,1,2024-01-13
1165,136180,2504,electronics,East,361.58,1,2023-03-18
1166,115869,3495,grocery,South,304.43,5,2023-01-17
1167,192654,3891,apparel,West,184.41,1,2023-10-18
1168,10037,4062,books,South,287.23,3,2024-12-29
1169,93963,1557,home,Central,417.47,2,2024-10-31
1170,17714,1538,electronics,South,79.15,5,2024-04-04
1171,193119,3341,electronics,North,250.3,1,2024-04-05
1172,74722,1979,apparel,South,42.18,1,2023-10-13
1173,10079,1923,grocery,West,342.33,1,2023-05-10
1174,56766,3687,books,West,126.06,5,2023-01-07
1175,79449,1371,home,Central,95.3,4,2023-09-05
1176,3574,2917,beauty,North,487.35,3,2023-08-20
1177,60586,2136,books,South,144.62,1,2023-05-20
1178,31124,4809,electronics,West,360.17,4,2023-07-09
1179,184380,3767,books,North,146.84,5,2023-01-19
1180,51892,3680,electronics,East,241.69,2,2024-03-19
1181,28834,2425,home,South,273.45,3,2024-11-08
1182,12764,3884,beauty,North,423.78,2,2024-05-19
1183,151525,3777,books,East,395.9,2,2023-11-24
1184,104907,1312,beauty,East,56.61,5,2023-11-03
1185,69230,3410,toys,South,145.69,4,2023-08-13
1186,160341,2041,apparel,South,150.09,4,2023-04-14
1187,2020,961,toys,Central,1.42,4,2024-03-12
1188,79511,2095,beauty,North,346.92,1,2024-02-18
1189,31140,1272,sports,East,59.51,4,2023-01-06
1190,198191,3542,books,East,114.24,5,2023-10-31
1191,48569,4352,apparel,South,261.5,3,2023-07-22
1192,161363,2315,electronics,North,390.6,3,2023-05-05
1193,169610,3702,apparel,Central,130.65,1,2024-05-28
1194,86729,4221,home,East,265.86,4,2024-01-19
1195,166587,3474,home,East,197.31,3,2024-04-07
1196,46374,1015,apparel,West,285.17,4,2024-06-04
1197,163468,4159,apparel,West,481.15,2,2024-12-17
1198,85678,1712,books,South,123.61,5,2024-08-09
1199,43659,3883,home,Central,152.56,3,2024-03-28
1200,46793,4949,sports,South,291.86,4,2024-10-03
1201,12505,3947,electronics,West,303.2,4,2023-12-15
1202,8439,4099,toys,North,197.22,3,2024-12-19
1203,139096,4350,grocery,Central,391.3,2,2024-07-09
1204,81692,532,electronics,East,198.88,3,2024-04-20
1205,42130,1709,toys,East,35.65,2,2024-10-21
1206,111445,2750,electronics,North,383.78,2,2024-01-12
1207,42579,4309,grocery,Central,43.68,5,2024-06-10
1208,194084,3740,apparel,South,455.33,3,2023-07-27
1209,13533,2856,books,South,320.72,1,2024-12-04
1210,155146,4728,apparel,North,411.61,4,2024-03-31
1211,131079,2117,home,North,171.52,3,2024-07-24
1212,119343,1079,beauty,East,462.73,3,2023-12-03
1213,58291,2127,electronics,South,341.57,3,2024-09-24
1214,157804,431,electronics,Central,481.08,3,2023-02-24
1215,46090,175,toys,Central,81.63,5,2023-03-25
1216,40529,3320,electronics,East,420.37,3,2024-01-06
1217,161104,2946,grocery,South,263.18,2,2024-06-18
1218,113953,737,beauty,West,460.07,2,2024-08-13
1219,189433,1447,toys,West,265.83,1,2023-11-18
1220,36945,4546,home,West,195.87,2,2024-04-19
1221,93482,1603,toys,North,313.3,3,2024-02-08
1222,187222,3279,beauty,West,196.29,3,2024-12-02
1223,125281,2874,beauty,North,320.52,3,2024-04-22
1224,7296,4882,toys,West,158.65,4,2023-11-01
1225,154085,4240,beauty,East,155.36,2,2024-12-08
1226,122262,2578,apparel,West,370.37,2,2023-03-20
1227,55817,4083,sports,North,264.05,1,2024-12-19
1228,155995,4181,home,East,465.1,3,2023-04-23
1229,34566,3511,grocery,South,436.58,5,2023-07-30
1230,48737,4459,books,Central,203.44,4,2024-08-22
1231,86637,3140,toys,West,287.93,5,2024-06-19
1232,35916,2341,sports,Central,475.18,5,2024-12-09
1233,8229,3818,sports,Central,264.7,4,2024-07-01
1234,121381,3764,apparel,Central,457.19,1,2024-04-10
1235,183982,1018,books,East,105.22,1,2023-09-10
1236,44937,3629,beauty,North,136.84,1,2023-01-04
1237,49746,2613,grocery,North,478.88,5,2023-04-01
1238,90441,4222,home,West,479.7,4,2023-08-06
1239,196832,3662,beauty,East,120.64,1,2023-01-30
1240,88468,1227,sports,East,104.31,3,2024-01-06
1241,198623,4550,electronics,West,384.88,1,2024-07-21
1242,74318,4495,books,South,13.23,2,2024-12-04
1243,108865,2691,sports,Central,253.01,2,2023-12-24
1244,60644,2218,electronics,West,312.26,4,2024-09-30
1245,73222,2876,toys,East,186.91,1,2024-12-20
1246,44707,4969,books,East,318.45,5,2024-09-19
1247,187592,1780,home,West,390.27,4,2023-12-06
1248,177685,60,books,North,15.29,2,2023-08-26
1249,107866,3278,home,Central,355.08,1,2024-12-14
1250,34242,4057,books,East,483.21,4,2023-06-26
1251,2919,4170,home,North,54.07,4,2023-10-28
1252,189353,618,electronics,Central,132.15,2,2023-02-24
1253,85463,2907,beauty,South,402.32,3,2024-08-02
1254,167131,2357,books,North,465.7,5,2024-04-19
1255,164798,3941,beauty,West,482.46,3,2023-03-03
1256,18111,3737,toys,South,311.04,1,2023-06-12
1257,22211,1858,home,South,476.15,1,2024-02-10
1258,99971,4297,grocery,Central,198.29,2,2024-01-30
1259,20318,3314,apparel,West,246.87,4,2024-08-08
1260,50948,1010,electronics,East,42.31,5,2023-07-14
1261,172824,3861,toys,South,232.98,1,2024-11-06
1262,42750,3524,toys,South,316.88,4,2023-11-21
1263,76344,1653,home,South,404.03,4,2024-08-23
1264,152148,1176,apparel,North,477.79,2,2023-06-24
1265,88655,3573,sports,North,432.13,1,2023-01-27
1266,98739,2707,grocery,East,336.95,2,2023-02-10
1267,27678,3082,electronics,Central,398.91,1,2023-09-30
1268,51480,2290,beauty,South,270.5,4,2024-11-26
1269,99447,4436,grocery,West,487.87,1,2023-02-05
1270,46257,4690,apparel,Central,21.52,1,2023-09-27
1271,176256,2869,books,North,24.57,1,2023-03-21
1272,127091,2287,electronics,West,150.29,2,2024-11-11
1273,20559,1863,toys,West,292.79,5,2024-05-07
1274,41134,675,electronics,Central,494.42,4,2024-07-10
1275,95375,1697,beauty,East,285.15,5,2024-06-04
1276,12960,571,electronics,East,99.72,3,2024-04-24
1277,127680,1959,apparel,North,219.22,4,2024-07-18
1278,19283,2011,beauty,East,128.19,2,2023-01-06
1279,193302,2801,books,West,47.84,4,2024-09-23
1280,131856,4681,books,East,262.74,5,2024-06-24
1281,77568,3712,home,West,78.55,5,2024-06-23
1282,158459,4644,electronics,Central,316.99,1,2023-10-15
1283,129680,586,grocery,West,393.18,3,2024-08-07
1284,6176,1818,electronics,East,265.02,2,2023-10-06
1285,163430,4038,beauty,West,347.26,2,2023-02-05
1286,68673,1172,books,East,227.27,3,2024-10-24
1287,41395,4145,books,Central,462.93,4,2023-06-21
1288,29083,1255,books,West,325.79,2,2023-03-16
1289,120883,1643,apparel,Central,449.78,1,2024-03-29
1290,171612,873,grocery,East,10.1,5,2023-06-20
1291,26100,3592,sports,East,353.77,4,2024-09-18
1292,9475,4774,electronics,South,54.91,1,2023-11-20
1293,104600,1067,beauty,East,116.91,4,2023-01-04
1294,69400,515,toys,Central,197.52,1,2024-11-25
1295,81003,4140,beauty,West,430.17,4,2024-01-11
1296,99654,2667,electronics,Central,183.85,1,2023-07-11
1297,119288,3856,sports,Central,232.73,5,2024-05-09
1298,145063,4691,home,South,478.6,3,2024-01-23
1299,156554,2189,toys,Central,295.31,3,2023-01-22
1300,26231,1162,grocery,East,385.7,2,2024-07-08
1301,188576,3438,beauty,West,456.91,5,2023-10-20
1302,169741,4803,apparel,Central,99.8,3,2024-05-25
1303,176799,1753,home,North,452.16,1,2024-10-15
1304,98258,1165,toys,South,472.49,2,2024-03-21
1305,27935,1717,toys,East,19.77,2,2024-05-05
1306,77611,4688,sports,North,3.91,4,2023-07-05
1307,55951,2221,books,West,47.72,5,2023-06-23
1308,41079,4862,books,Central,299.24,1,2023-10-30
1309,39662,1522,apparel,West,408.29,3,2024-09-14
1310,175753,4017,beauty,East,78.32,5,2024-01-18
1311,87496,4539,apparel,North,246.59,1,2023-09-12
1312,131951,1619,books,West,391.21,3,2024-07-23
1313,147577,4605,apparel,West,178.36,3,2024-09-14
1314,150822,3991,grocery,Central,253.83,2,2024-10-20
1315,193255,4673,toys,North,310.25,1,2023-08-07
1316,6282,4094,sports,Central,72.27,4,2024-06-02
1317,95246,296,toys,South,128.55,4,2024-03-06
1318,95407,364,toys,East,393.22,4,2023-11-24
1319,53863,3580,electronics,West,318.27,3,2023-10-17
1320,112422,1505,apparel,Central,454.35,2,2023-03-25
1321,68752,4751,apparel,East,478.5,5,2023-07-20
1322,199411,4088,apparel,Central,495.75,4,2024-02-06
1323,110647,1046,books,East,157.9,2,2024-10-09
1324,76652,3333,books,West,446.82,4,2024-09-24
1325,114217,1163,toys,Central,345.67,1,2023-05-17
1326,89796,3534,apparel,Central,341.91,3,2024-05-10
1327,188339,3568,books,Central,116.2,1,2023-03-03
1328,29830,3070,toys,South,449.14,3,2024-05-07
1329,130951,2621,electronics,North,498.14,4,2023-09-07
1330,33022,2326,apparel,West,158.51,1,2023-11-25
1331,41533,1205,home,West,134.15,4,2024-06-07
1332,99064,2290,toys,South,151.76,1,2023-11-07
1333,35481,3454,toys,West,437.22,1,2024-08-12
1334,132595,1856,books,East,357.92,3,2024-01-25
1335,196396,1188,electronics,North,43.66,4,2024-12-30
1336,157268,2387,grocery,North,435.73,4,2024-04-10
1337,29894,506,home,East,264.65,5,2023-08-05
1338,22113,3161,home,Central,13.94,4,2024-07-19
1339,134065,2490,home,Central,229.77,1,2023-10-25
1340,12390,4703,beauty,South,123.66,2,2024-01-25
1341,110997,2736,sports,West,188.26,3,2023-04-10
1342,49191,2930,sports,Central,406.13,4,2023-03-29
1343,151419,1664,apparel,West,418.84,2,2024-02-24
1344,92171,1034,grocery,East,360.69,1,2023-05-17
1345,155724,4063,beauty,East,379.74,1,2024-12-29
1346,193519,1743,sports,South,306.32,3,2024-09-16
1347,198455,3471,grocery,East,172.04,4,2024-05-26
1348,91275,3906,home,West,76.73,4,2024-06-20
1349,3264,2141,home,East,456.37,2,2024-03-10
1350,126247,902,grocery,South,59.91,5,2023-02-14
1351,157075,721,apparel,North,85.83,1,2023-10-14
1352,90196,322,beauty,North,406.95,3,2023-12-28
1353,107107,2355,beauty,West,221.52,3,2024-10-30
1354,38956,2570,grocery,South,52.53,4,2023-06-10
1355,5497,1113,toys,South,360.3,1,2023-12-29
1356,73854,2186,sports,East,4.33,3,2023-09-09
1357,30802,3604,toys,Central,55.15,5,2023-04-09
1358,69182,3529,home,North,81.47,3,2023-03-17
1359,158956,4829,books,East,9.49,2,2023-09-24
1360,193897,654,toys,East,394.86,1,2023-03-02
1361,87995,751,apparel,Central,129.69,3,2023-02-19
1362,23868,3799,beauty,South,226.52,4,2023-09-14
1363,60100,4454,toys,East,375.26,2,2023-05-28
1364,63739,2363,electronics,East,432.91,2,2024-02-10
1365,31400,4293,books,South,242.82,4,2023-01-13
1366,51453,1480,home,South,260.25,4,2023-08-09
1367,80687,1084,toys,North,133.98,1,2023-11-27
1368,55923,3123,home,East,304.03,3,2024-12-04
1369,48184,4813,beauty,Central,255.1,1,2024-04-08
1370,168402,1065,toys,Central,310.26,3,2024-10-04
1371,7472,2130,sports,South,197.91,4,2023-09-08
1372,47181,4000,grocery,South,252.14,3,2023-11-25
1373,140026,3101,grocery,Central,358.33,5,2023-11-03
1374,149406,4379,electronics,North,170.66,3,2024-10-09
1375,166995,1056,toys,North,469.38,4,2024-12-01
1376,40841,1088,apparel,North,302.71,1,2024-12-03
1377,104367,2060,electronics,West,181.16,2,2024-07-02
1378,20894,2217,books,West,476.83,3,2024-01-03
1379,27939,3330,sports,South,242.92,5,2024-01-30
1380,70766,3872,toys,North,272.43,1,2024-12-16
1381,154687,1269,toys,Central,260.63,1,2023-07-27
1382,26043,3991,electronics,South,61.35,5,2023-09-11
1383,19480,4574,apparel,Central,228.12,4,2024-10-16
1384,14260,1266,beauty,Central,238.97,2,2023-10-10
1385,124634,985,toys,East,210.62,3,2023-06-21
1386,192518,4985,home,West,21.87,5,2024-02-14
1387,20379,539,beauty,West,9.83,1,2023-08-26
1388,163718,744,sports,Central,179.51,2,2024-10-12
1389,155893,4740,grocery,North,36.59,4,2024-10-25
1390,93716,1406,home,Central,461.59,3,2023-08-12
1391,119278,3062,books,West,227.48,1,2024-01-22
1392,193953,4840,electronics,Central,14.46,3,2024-12-19
1393,6455,2225,apparel,South,361.0,3,2024-06-25
1394,18583,4332,beauty,West,220.68,1,2023-06-07
1395,149214,2902,toys,Central,367.16,5,2024-03-07
1396,123360,3808,toys,Central,267.07,3,2024-03-28
1397,113854,3966,beauty,West,253.24,4,2024-04-22
1398,192976,717,apparel,West,248.29,1,2023-01-19
1399,81271,3452,home,East,469.54,3,2023-08-07
1400,109062,4256,electronics,West,446.37,4,2024-09-15
1401,31599,600,grocery,North,142.7,2,2023-06-26
1402,65985,725,beauty,West,430.99,5,2023-08-07
1403,39094,4267,electronics,South,170.05,5,2023-08-24
1404,166396,3143,beauty,West,220.61,2,2023-05-10
1405,3283,4654,toys,East,231.19,2,2023-04-24
1406,90012,371,apparel,East,44.06,1,2023-09-11
1407,126580,1422,home,South,75.75,1,2024-09-30
1408,195941,648,sports,East,358.28,1,2023-01-02
1409,185792,382,books,Central,11.4,5,2023-07-26
1410,109990,1588,sports,East,308.43,4,2023-02-14
1411,129259,4751,toys,West,427.96,2,2024-02-14
1412,161916,4647,grocery,East,291.65,5,2023-07-02
1413,15720,4144,books,North,81.36,5,2024-08-01
1414,136108,2349,electronics,West,194.89,5,2024-03-03
1415,133317,2987,sports,West,174.43,4,2024-07-26
1416,32021,4598,sports,East,325.0,3,2024-04-08
1417,10420,2304,toys,North,124.68,5,2023-11-17
1418,69211,114,books,West,398.93,1,2024-09-20
1419,36705,794,apparel,Central,343.33,4,2023-12-14
1420,178149,1097,home,Central,78.38,3,2024-11-24
1421,119776,900,apparel,North,402.5,3,2024-12-27
1422,48142,2241,toys,West,200.78,1,2024-03-05
1423,15947,2815,home,East,322.16,4,2024-05-07
1424,131865,1113,electronics,South,93.03,1,2023-07-06
1425,160101,675,home,North,319.62,2,2024-08-17
1426,85488,505,electronics,South,116.23,2,2024-05-05
1427,68695,4263,home,North,58.7,1,2024-10-20
1428,126151,4680,sports,Central,106.68,4,2023-07-14
1429,182210,3386,beauty,East,5.77,4,2024-07-28
1430,37184,4996,toys,South,260.8,4,2023-12-10
1431,100065,4863,toys,Central,388.79,2,2023-05-16
1432,44699,1875,books,South,364.88,1,2023-05-05
1433,112262,920,home,Central,463.9,4,2024-02-15
1434,21446,2965,books,South,324.64,2,2023-08-22
1435,48971,2850,grocery,Central,371.46,2,2023-03-16
1436,136600,948,electronics,North,259.09,4,2023-11-08
1437,19428,3507,books,North,344.98,5,2024-04-21
1438,112537,2277,beauty,South,289.26,3,2023-08-21
1439,103624,4484,toys,East,44.98,5,2024-11-28
1440,85830,4093,grocery,West,450.67,5,2024-07-23
1441,155821,1705,home,South,328.92,5,2024-01-10
1442,180253,4785,books,South,216.66,3,2024-11-13
1443,140940,522,home,Central,126.94,5,2023-11-13
1444,169667,4812,apparel,South,189.55,2,2023-04-12
1445,119465,5,apparel,East,249.05,5,2023-01-27
1446,182370,2606,sports,West,416.41,5,2024-11-15
1447,177500,379,beauty,South,436.47,4,2024-12-01
1448,135471,3704,grocery,West,56.44,3,2024-06-23
1449,107242,1744,apparel,North,206.17,4,2023-03-17
1450,70216,3778,home,North,302.3,4,2023-08-03
1451,4618,343,apparel,West,322.99,3,2023-01-30
1452,118641,1694,books,South,296.3,5,2023-02-07
1453,171710,1158,sports,Central,112.33,5,2023-06-29
1454,143445,4521,apparel,North,345.01,4,2024-02-22
1455,146518,307,sports,North,236.38,4,2023-02-17
1456,161685,3325,home,West,154.48,2,2024-12-19
1457,74055,4008,books,East,491.67,3,2023-11-29
1458,163009,3221,books,North,289.4,4,2023-07-12
1459,169909,738,home,West,453.58,4,2024-01-12
1460,198356,3897,toys,East,90.87,2,2024-07-30
1461,133619,2605,electronics,West,252.53,4,2023-08-17
1462,163211,1520,beauty,East,135.28,3,2023-02-04
1463,45153,387,beauty,West,339.53,2,2023-02-07
1464,165083,1265,grocery,Central,298.46,1,2024-09-13
1465,24583,2925,home,North,338.64,1,2023-03-23
1466,59606,2085,books,North,39.96,4,2024-04-08
1467,26395,2693,grocery,East,472.3,3,2023-10-08
1468,87127,4875,toys,South,389.79,5,2024-07-21
1469,3714,1408,toys,West,302.64,5,2023-02-14
1470,77234,2506,home,South,412.7,3,2024-10-17
1471,75060,917,apparel,East,20.95,2,2024-05-24
1472,182289,1584,apparel,South,414.11,2,2023-11-24
1473,121638,136,toys,West,154.68,5,2023-06-01
1474,155546,2408,grocery,East,384.36,5,2024-12-14
1475,14716,260,electronics,East,490.42,1,2023-08-09
1476,101228,1135,grocery,Central,249.41,3,2023-12-25
1477,45677,3188,beauty,Central,62.07,1,2023-10-15
1478,52699,4996,beauty,West,121.26,3,2023-06-18
1479,5972,4299,books,South,283.52,4,2023-11-01
1480,68351,4359,books,South,129.92,5,2023-04-21
1481,107580,2030,home,West,44.78,3,2023-01-02
1482,194020,625,home,East,264.15,3,2023-07-31
1483,81413,2428,home,Central,184.08,4,2023-03-23
1484,185116,359,home,East,162.69,3,2023-10-30
1485,144725,2923,beauty,West,210.82,1,2024-09-21
1486,18906,345,beauty,Central,382.68,4,2023-04-29
1487,5130,4446,beauty,West,233.66,3,2023-01-01
1488,57850,814,home,East,286.55,4,2023-03-23
1489,153489,1196,books,South,24.77,3,2024-01-06
1490,193489,2581,beauty,Central,460.19,5,2023-07-20
1491,77278,1187,home,West,51.19,2,2023-12-24
1492,89133,3957,books,East,473.7,1,2023-01-22
1493,102615,732,beauty,East,232.31,4,2023-09-01
1494,50536,1763,beauty,Central,147.16,4,2023-10-27
1495,68979,3988,toys,North,399.15,5,2023-11-11
1496,184919,3388,books,West,100.62,2,2024-02-07
1497,133808,2682,grocery,West,374.83,3,2024-07-23
1498,69296,2986,sports,South,277.68,3,2023-12-08
1499,90158,2070,apparel,West,231.78,1,2024-09-06
1500,121823,2285,electronics,North,448.43,5,2024-01-22
1501,117536,3944,home,North,90.04,2,2023-07-10
1502,146267,4619,sports,Central,37.99,2,2023-06-17
1503,121309,3250,sports,Central,245.04,5,2023-08-24
1504,169687,2986,beauty,South,443.97,5,2024-03-12
1505,157582,1277,home,West,175.07,4,2023-06-27
1506,26735,63,grocery,South,91.39,1,2024-10-29
1507,39389,191,grocery,South,284.72,3,2023-12-17
1508,137261,2117,apparel,West,39.29,3,2024-09-22
1509,11105,4394,toys,Central,107.82,2,2024-05-13
1510,56057,1754,sports,North,492.71,1,2023-09-01
1511,168549,1206,books,West,24.81,4,2023-06-16
1512,62575,3793,toys,North,412.55,1,2024-06-27
1513,25211,324,books,North,138.27,1,2023-08-30
1514,80645,734,home,Central,112.83,3,2023-06-30
1515,76910,185,home,South,395.93,2,2024-11-10
1516,135487,2117,sports,West,18.74,1,2023-12-19
1517,165917,937,toys,West,418.83,3,2023-02-05
1518,145475,3229,grocery,South,460.5,4,2023-12-28
1519,72668,3922,home,North,386.67,2,2023-12-03
1520,133828,4609,sports,North,110.31,3,2024-09-22
1521,118840,1172,electronics,North,129.33,1,2024-06-03
1522,68615,1573,electronics,West,401.64,3,2023-05-20
1523,184841,4621,grocery,Central,29.38,4,2023-04-20
1524,25198,3767,sports,West,279.29,4,2024-03-16
1525,174955,2698,electronics,Central,369.14,4,2023-02-04
1526,68350,708,electronics,North,204.16,3,2023-08-21
1527,100455,546,books,East,398.7,3,2023-04-11
1528,56817,4819,apparel,East,292.82,2,2023-01-16
1529,131192,2039,toys,South,23.78,4,2024-11-01
1530,80568,1104,books,North,48.12,4,2023-03-07
1531,148847,3508,home,North,479.08,5,2023-01-07
1532,173476,1751,grocery,Central,497.35,2,2024-11-12
1533,94040,3282,beauty,Central,375.89,3,2023-05-18
1534,179226,1828,apparel,Central,466.26,2,2024-08-19
1535,191220,4229,beauty,West,102.18,4,2023-01-23
1536,197574,1707,apparel,Central,497.38,5,2023-04-23
1537,167192,509,apparel,West,316.74,1,2023-03-22
1538,135107,446,home,East,437.77,1,2024-05-30
1539,93303,2305,home,North,229.25,1,2024-03-28
1540,256,4394,home,West,457.13,2,2023-12-14
1541,143515,1019,apparel,West,44.37,3,2023-06-26
1542,43407,2319,grocery,East,242.95,5,2023-03-06
1543,150997,2808,books,South,340.56,2,2024-02-20
1544,191564,2492,toys,East,216.21,1,2023-06-18
1545,89073,4164,electronics,West,376.04,5,2024-03-06
1546,56190,4912,home,Central,209.4,1,2024-05-16
1547,155643,2332,sports,Central,449.01,4,2024-09-12
1548,137809,4084,sports,Central,404.08,5,2023-12-27
1549,188356,4355,apparel,North,152.11,2,2023-01-04
1550,86277,676,toys,North,190.65,4,2023-07-24
1551,188641,616,beauty,East,159.07,3,2024-09-14
1552,193037,36,toys,North,2.57,3,2024-01-25
1553,111144,4071,toys,West,82.78,3,2024-03-27
1554,48234,1986,apparel,West,248.15,5,2023-12-01
1555,91019,1957,beauty,West,168.89,5,2023-04-29
1556,140429,2060,home,East,42.47,1,2024-10-16
1557,90414,2504,beauty,North,112.41,3,2024-07-18
1558,163203,1438,sports,East,337.68,3,2024-12-27
1559,154544,123,sports,South,158.62,3,2024-09-16
1560,190923,4981,grocery,West,144.56,4,2023-08-01
1561,28722,2154,apparel,West,37.91,3,2023-07-05
1562,45940,4644,toys,North,330.32,4,2023-07-01
1563,188678,2582,beauty,South,164.25,5,2024-11-01
1564,170186,3941,sports,South,139.56,2,2024-02-11
1565,25410,883,sports,East,364.13,2,2023-11-28
1566,120430,332,apparel,North,117.9,4,2024-12-07
1567,50761,3022,books,South,347.34,2,2024-03-16
1568,126909,3541,home,East,318.84,2,2024-10-25
1569,21266,200,apparel,Central,154.51,2,2024-12-19
1570,162280,28,grocery,North,140.07,4,2023-02-27
1571,71789,1275,toys,Central,234.82,2,2023-09-21
1572,174707,1067,sports,East,243.73,4,2024-06-19
1573,164491,754,toys,East,115.97,5,2024-08-16
1574,193198,3012,beauty,East,227.48,1,2023-04-19
1575,197073,335,grocery,North,35.69,5,2023-08-21
1576,85076,4190,grocery,North,216.7,3,2024-02-05
1577,178660,3888,home,East,213.96,1,2024-08-06
1578,137216,533,toys,East,48.8,2,2023-03-24
1579,155294,1797,apparel,South,360.51,4,2024-03-14
1580,40543,4672,sports,East,110.34,5,2023-08-05
1581,32208,196,electronics,South,227.39,4,2023-06-07
1582,179444,4203,home,East,182.06,5,2024-01-12
1583,99136,2364,electronics,Central,100.74,5,2023-10-30
1584,168662,4697,home,Central,138.61,4,2024-04-09
1585,8290,2689,apparel,East,276.97,4,2023-08-20
1586,72665,2003,apparel,South,268.69,3,2024-08-23
1587,161223,3997,books,North,374.51,3,2023-02-27
1588,110896,3804,home,Central,387.98,3,2024-09-21
1589,101674,2225,beauty,South,46.27,1,2023-01-22
1590,189081,784,beauty,South,482.09,2,2024-06-21
1591,104517,1910,toys,South,175.14,5,2023-09-10
1592,153441,1096,books,East,391.1,3,2023-10-07
1593,160787,503,beauty,South,454.65,3,2023-01-14
1594,168210,2681,electronics,Central,149.58,3,2024-05-27
1595,60768,219,home,South,468.04,3,2023-05-01
1596,22264,3330,home,North,19.18,3,2024-04-26
1597,158499,3609,electronics,East,282.18,5,2024-06-13
1598,123320,4474,home,West,241.77,2,2024-09-09
1599,1437,3640,sports,East,224.43,1,2024-05-31
1600,111613,166,grocery,North,153.71,3,2023-08-09
1601,99034,190,toys,West,157.06,1,2024-06-23
1602,141885,607,electronics,North,15.47,5,2024-08-25
1603,7133,675,electronics,East,412.17,2,2023-08-20
1604,48263,700,apparel,West,387.39,1,2023-04-01
1605,119822,887,apparel,East,245.96,4,2024-10-11
1606,125593,4715,electronics,Central,12.61,4,2023-04-18
1607,32751,525,toys,Central,498.86,5,2024-03-09
1608,190677,1624,toys,West,110.11,3,2023-06-22
1609,91795,1503,sports,South,2.61,4,2023-04-02
1610,132217,968,apparel,North,292.31,2,2024-07-20
1611,70251,608,grocery,West,424.78,4,2023-04-15
1612,75234,1344,sports,Central,429.0,2,2024-05-04
1613,44184,3448,beauty,West,301.97,4,2024-05-20
1614,107068,3349,home,East,174.46,5,2023-02-13
1615,64682,143,home,South,11.76,5,2023-05-07
1616,142129,1191,sports,North,466.52,4,2024-08-02
1617,121441,1139,books,East,82.99,1,2024-01-06
1618,140189,449,beauty,North,129.13,1,2023-03-30
1619,111166,4908,books,North,21.98,4,2024-12-24
1620,65680,1013,beauty,Central,190.64,2,2023-07-13
1621,199012,4280,sports,Central,251.25,5,2023-01-03
1622,41702,2729,electronics,South,185.67,5,2024-11-05
1623,108990,3397,grocery,North,71.88,1,2023-01-13
1624,139333,437,grocery,South,296.9,4,2024-02-08
1625,88116,4905,grocery,West,216.96,1,2024-12-25
1626,86994,2042,home,East,259.37,3,2024-02-26
1627,106434,4046,books,West,381.13,1,2024-03-02
1628,98587,902,grocery,North,293.54,3,2023-10-11
1629,169994,4657,books,North,431.54,1,2023-04-03
1630,71015,2081,apparel,North,422.43,3,2024-02-23
1631,17097,648,home,South,28.11,3,2024-10-17
1632,15196,4477,home,North,321.65,4,2023-03-08
1633,149188,4168,beauty,East,32.64,2,2024-10-04
1634,52414,4420,beauty,West,48.5,4,2023-10-30
1635,164008,1633,electronics,West,21.65,4,2024-01-27
1636,44853,616,toys,Central,474.79,1,2023-05-01
1637,94143,2952,toys,North,154.77,2,2024-03-29
1638,103634,4927,grocery,Central,239.24,5,2023-05-14
1639,114698,1782,electronics,Central,166.6,1,2023-07-19
1640,37432,2157,home,East,493.5,4,2024-06-10
1641,88943,3535,home,East,228.61,1,2023-02-06
1642,65642,3633,sports,Central,409.77,1,2023-11-23
1643,128325,3856,electronics,Central,184.42,1,2024-03-10
1644,101038,4668,electronics,West,285.87,2,2023-04-07
1645,89638,1673,books,West,383.99,1,2023-08-04
1646,148243,4270,toys,Central,109.17,1,2023-09-08
1647,171092,3342,toys,West,360.1,1,2024-04-29
1648,131324,2057,toys,West,307.98,2,2024-12-13
1649,61942,1891,sports,South,321.26,2,2024-09-02
1650,196688,1566,books,South,336.52,2,2023-05-19
1651,20292,4296,apparel,North,459.66,3,2023-01-14
1652,28174,1338,apparel,East,411.4,2,2023-02-07
1653,55869,1699,electronics,West,8.72,4,2024-03-10
1654,90601,4228,apparel,Central,414.47,3,2023-04-25
1655,103463,3682,toys,West,267.2,4,2023-06-18
1656,27799,2105,books,South,128.27,2,2024-09-10
1657,115383,1557,books,South,135.91,4,2024-09-29
1658,122850,1120,sports,North,348.83,1,2024-09-04
1659,165194,1446,electronics,East,288.95,5,2023-07-05
1660,187883,3121,electronics,West,228.47,3,2024-03-28
1661,138283,3631,toys,North,265.93,2,2024-03-21
1662,185189,3909,toys,West,258.4,3,2023-05-16
1663,189902,3941,beauty,North,112.38,3,2024-02-09
1664,61245,4233,home,Central,346.98,1,2024-01-19
1665,56950,1084,grocery,East,292.61,5,2023-10-17
1666,44991,691,sports,Central,145.58,2,2024-07-02
1667,5649,1108,electronics,West,123.51,3,2024-05-09
1668,189874,3319,apparel,East,422.59,4,2024-01-24
1669,75421,4639,sports,South,256.35,5,2024-06-13
1670,76257,4737,home,West,145.03,2,2024-07-11
1671,127658,575,sports,North,494.91,1,2024-02-18
1672,121462,174,apparel,North,445.14,4,2023-07-15
1673,102457,402,books,Central,159.67,3,2024-07-07
1674,171328,1275,home,East,48.78,5,2024-06-07
1675,150921,4327,beauty,Central,8.49,4,2024-12-18
1676,67768,2070,home,North,475.49,2,2023-04-20
1677,8121,4735,toys,Central,285.72,5,2023-11-03
1678,73657,2020,grocery,East,288.96,5,2024-11-05
1679,194684,2146,beauty,East,240.75,1,2024-01-11
1680,155513,4239,home,West,185.62,5,2024-11-19
1681,81156,3038,apparel,South,479.26,3,2023-01-10
1682,137381,186,sports,South,199.34,3,2023-01-26
1683,163961,2922,home,North,23.1,4,2024-08-04
1684,161720,159,apparel,North,309.13,5,2023-09-19
1685,152316,2654,toys,West,86.11,5,2024-01-15
1686,6603,3567,electronics,North,50.06,3,2023-11-09
1687,140815,963,grocery,Central,400.83,4,2023-10-25
1688,135805,960,home,Central,180.94,3,2024-11-16
1689,139015,572,electronics,South,67.75,1,2023-03-10
1690,10840,2867,electronics,West,398.39,4,2024-07-17
1691,36272,291,books,East,174.47,2,2024-10-11
1692,110578,3897,electronics,Central,78.47,3,2024-04-24
1693,41169,4781,electronics,North,118.49,1,2023-10-16
1694,2700,4443,electronics,West,224.78,5,2023-04-27
1695,100285,1776,home,East,86.34,3,2024-05-13
1696,126637,1482,toys,East,248.45,5,2023-12-09
1697,172563,1942,toys,North,6.28,2,2023-04-20
1698,132341,1873,beauty,Central,99.08,5,2023-09-20
1699,73948,1724,grocery,East,174.85,4,2024-12-02
1700,174883,987,electronics,Central,245.22,3,2023-07-13
1701,192341,4573,toys,North,405.16,5,2023-05-11
1702,159514,4522,books,West,422.27,5,2024-05-12
1703,129146,3077,sports,East,236.18,3,2023-05-26
1704,51625,1057,apparel,South,364.83,2,2024-11-02
1705,171588,1718,books,West,327.41,5,2024-09-19
1706,163990,2324,home,South,251.38,1,2024-12-18
1707,56570,876,toys,North,177.0,1,2024-10-28
1708,97524,2704,beauty,West,498.46,2,2023-06-27
1709,13437,1945,grocery,West,18.27,2,2023-06-04
1710,88321,3608,home,West,334.84,1,2023-09-08
1711,87815,566,toys,Central,383.37,2,2023-12-09
1712,118420,1440,apparel,East,313.94,1,2024-10-04
1713,178247,1331,grocery,East,198.68,5,2024-06-19
1714,20875,3382,books,West,363.64,4,2024-04-15
1715,53270,3793,beauty,South,161.93,2,2024-10-03
1716,94356,4525,sports,North,438.98,3,2024-04-16
1717,32141,4593,electronics,North,467.6,2,2023-10-04
1718,82218,1518,sports,North,353.69,2,2023-10-29
1719,17491,2068,grocery,West,341.39,2,2024-01-13
1720,149055,3232,sports,South,357.06,5,2023-03-06
1721,50322,60,electronics,West,13.91,1,2024-06-25
1722,72771,274,books,West,38.11,1,2024-04-21
1723,162322,1080,home,South,464.65,2,2024-06-17
1724,59895,3705,books,Central,394.46,1,2024-01-25
1725,331,2252,grocery,East,179.22,5,2024-07-25
1726,155412,2711,electronics,North,396.56,3,2024-11-24
1727,78822,1282,home,West,88.1,1,2024-02-21
1728,46904,467,grocery,West,445.57,2,2023-11-21
1729,187328,2203,books,North,78.52,3,2023-03-18
1730,136259,1122,sports,East,294.32,1,2024-07-22
1731,118685,4327,apparel,South,411.72,1,2024-10-21
1732,125274,3412,beauty,North,397.82,4,2024-05-25
1733,65778,684,apparel,East,194.3,1,2024-09-23
1734,133293,1415,home,South,159.54,3,2024-09-20
1735,98142,2413,electronics,North,136.31,2,2024-08-05
1736,127656,1713,sports,North,490.17,5,2024-01-03
1737,27631,4197,home,West,444.84,4,2023-03-14
1738,85808,3780,sports,West,184.41,3,2023-01-03
1739,14642,1036,books,East,86.96,2,2023-05-30
1740,58895,1036,electronics,East,464.6,2,2023-11-11
1741,125938,3214,beauty,Central,29.7,3,2024-06-26
1742,55922,4790,books,West,53.94,3,2023-11-29
1743,129902,1983,apparel,East,64.04,2,2023-01-17
1744,81675,1254,electronics,Central,412.78,5,2023-06-03
1745,93490,3157,apparel,East,59.26,4,2024-12-15
1746,65776,2199,beauty,East,348.68,5,2024-12-22
1747,106795,3089,grocery,North,364.47,1,2023-10-03
1748,34754,4348,apparel,South,39.78,2,2024-08-10
1749,137988,3739,toys,South,280.36,2,2024-06-09
1750,179963,590,sports,Central,208.39,5,2024-11-10
1751,164278,4416,beauty,East,84.26,3,2024-10-09
1752,199599,3783,books,Central,185.18,1,2024-04-03
1753,27268,193,home,East,214.83,2,2023-10-16
1754,53014,653,toys,West,12.83,2,2024-04-02
1755,89073,4262,toys,Central,153.39,5,2023-08-21
1756,36586,364,apparel,North,81.55,2,2023-09-12
1757,191891,2106,toys,West,187.38,4,2024-03-20
1758,153404,842,electronics,East,19.45,1,2024-02-22
1759,185444,670,books,North,69.87,1,2024-02-29
1760,39562,1686,toys,West,314.17,4,2023-10-08
1761,70112,1827,electronics,North,489.35,4,2023-10-26
1762,88298,1919,grocery,West,364.95,1,2023-01-08
1763,137536,200,sports,South,377.37,1,2024-03-15
1764,133379,3387,apparel,South,399.89,5,2024-02-25
1765,180870,3403,books,East,338.5,2,2024-11-13
1766,198049,2848,sports,North,285.89,5,2024-01-04
1767,181247,2315,beauty,West,458.61,4,2023-12-08
1768,122018,3115,books,Central,198.13,5,2023-02-19
1769,31474,1016,toys,South,310.98,3,2023-05-24
1770,115355,1072,electronics,West,358.52,4,2023-09-04
1771,40617,4653,toys,South,429.94,1,2023-10-03
1772,197056,4449,sports,East,255.52,2,2023-09-22
1773,182048,1285,beauty,North,444.59,2,2023-10-15
1774,103161,299,electronics,East,2.27,3,2024-07-15
1775,68060,3194,sports,West,445.29,4,2023-04-06
1776,72806,279,beauty,East,499.48,5,2023-08-31
1777,195588,2750,apparel,North,268.78,4,2023-04-29
1778,195259,2037,home,South,28.37,4,2023-08-13
1779,68110,2061,electronics,North,358.66,3,2024-05-14
1780,95808,1596,sports,West,130.7,3,2023-02-04
1781,40572,13,books,Central,112.44,5,2023-09-05
1782,101532,1273,home,East,218.84,2,2023-01-18
1783,144213,983,grocery,Central,247.16,2,2024-11-28
1784,27494,809,beauty,West,334.88,1,2024-06-14
1785,26815,4177,beauty,South,43.18,4,2023-06-27
1786,79921,3534,home,Central,49.5,3,2023-05-25
1787,148373,256,electronics,North,54.08,5,2023-03-14
1788,11987,1138,home,South,415.38,3,2023-12-12
1789,44740,302,sports,West,76.03,5,2024-07-04
1790,78441,4701,books,East,476.12,1,2024-03-02
1791,56926,4552,grocery,South,218.82,3,2024-10-05
1792,144709,4933,electronics,East,47.06,1,2023-09-08
1793,176233,4216,sports,South,120.94,5,2023-07-23
1794,97155,1813,home,East,498.26,4,2023-12-15
1795,159012,3261,books,East,185.35,2,2023-05-28
1796,59376,4369,electronics,Central,158.61,1,2024-12-13
1797,142458,4228,apparel,East,100.31,5,2023-05-16
1798,25095,2422,beauty,North,135.54,1,2023-12-16
1799,38568,2747,home,East,13.55,4,2024-01-17
1800,190027,1049,electronics,Central,211.67,1,2023-02-11
1801,192899,3863,electronics,North,336.57,1,2023-12-08
1802,124528,3422,sports,South,471.65,5,2023-11-28
1803,628,3263,apparel,West,353.42,1,2023-07-09
1804,1151,2378,home,South,190.19,4,2023-04-04
1805,174897,1633,toys,East,330.85,5,2023-02-02
1806,77048,225,grocery,Central,463.35,5,2023-01-07
1807,82307,1744,books,North,91.73,3,2023-12-18
1808,143225,4210,apparel,North,182.55,4,2023-03-07
1809,25380,3212,beauty,South,135.76,1,2024-12-01
1810,20524,1047,sports,Central,178.62,1,2023-06-28
1811,62466,2670,grocery,East,239.2,1,2024-04-21
1812,78393,1665,apparel,East,209.85,2,2024-05-06
1813,16978,1291,apparel,East,9.48,3,2023-12-28
1814,50684,1018,grocery,Central,396.26,4,2024-10-07
1815,162666,1434,grocery,North,69.91,1,2023-03-22
1816,184191,2019,apparel,North,251.84,3,2023-06-20
1817,74809,1739,books,North,155.97,1,2023-07-04
1818,167558,3296,beauty,Central,264.55,4,2023-04-09
1819,119549,3900,home,South,100.41,5,2023-08-04
1820,38486,816,grocery,West,63.1,3,2023-08-17
1821,63449,4099,sports,North,130.24,2,2024-07-12
1822,99560,3098,sports,North,243.93,1,2023-08-09
1823,190633,340,sports,South,350.53,4,2024-10-01
1824,185855,4849,sports,North,395.27,3,2024-07-18
1825,123790,2502,books,North,50.37,3,2024-10-20
1826,118351,1175,sports,South,484.11,2,2023-03-18
1827,120083,574,electronics,North,211.66,2,2024-12-19
1828,111013,3162,grocery,Central,101.85,5,2024-03-24
1829,148722,839,books,South,14.85,5,2024-12-18
1830,87707,4206,apparel,East,247.67,3,2023-09-17
1831,48824,1885,electronics,North,12.33,3,2024-11-26
1832,29267,1029,sports,North,319.03,1,2024-03-05
1833,52813,4166,books,South,377.53,3,2023-02-22
1834,75022,821,sports,North,353.97,4,2023-10-27
1835,138644,3721,apparel,Central,34.4,1,2023-04-11
1836,182907,1344,home,North,50.82,5,2024-11-18
1837,43030,1809,electronics,Central,263.56,4,2023-08-11
1838,57656,2883,home,South,148.97,4,2023-06-12
1839,24482,1651,electronics,East,420.22,2,2024-02-08
1840,106001,3567,books,South,361.38,2,2023-11-07
1841,60760,1095,apparel,South,477.0,2,2023-03-12
1842,91787,1910,toys,East,191.09,4,2024-08-19
1843,127087,2086,apparel,Central,298.52,4,2024-09-09
1844,181279,3699,toys,Central,225.15,3,2024-06-26
1845,16422,4685,electronics,North,405.84,4,2024-03-26
1846,97158,4841,grocery,Central,105.85,4,2023-10-21
1847,23102,3449,electronics,West,13.2,1,2024-01-31
1848,62767,710,grocery,North,272.82,5,2024-01-16
1849,102408,3585,apparel,East,312.11,4,2023-05-01
1850,179417,1973,toys,West,373.17,2,2023-03-01
1851,115034,4030,home,Central,494.38,2,2023-07-04
1852,132144,4133,electronics,South,416.07,4,2023-11-28
1853,192672,1212,electronics,West,46.2,4,2023-04-28
1854,121695,16,toys,West,295.84,1,2023-03-19
1855,171570,2157,apparel,Central,123.08,4,2024-09-13
1856,90568,2517,home,East,363.86,4,2023-10-01
1857,117161,2891,beauty,North,161.6,2,2024-03-02
1858,171220,1004,apparel,South,170.54,1,2024-01-18
1859,197892,4445,beauty,Central,77.53,4,2024-06-20
1860,107581,2269,toys,East,494.58,2,2024-06-24
1861,80085,4799,books,West,237.41,2,2023-08-05
1862,119279,1295,books,Central,495.12,2,2024-09-10
1863,128059,4797,sports,Central,461.85,4,2023-09-29
1864,57907,2317,grocery,South,306.34,1,2024-09-01
1865,26476,683,electronics,North,326.65,2,2023-10-23
1866,57019,4722,apparel,West,469.42,3,2023-03-23
1867,116110,2355,sports,East,474.82,3,2024-07-08
1868,82014,926,grocery,South,404.6,3,2023-01-23
1869,182161,1233,books,Central,58.46,3,2024-07-17
1870,107762,2767,grocery,East,478.09,5,2023-02-01
1871,2439,3600,beauty,Central,4.67,5,2023-05-31
1872,147784,2167,home,South,72.55,1,2024-03-16
1873,57746,2465,sports,Central,145.79,3,2024-11-18
1874,148749,1393,grocery,North,479.69,4,2023-10-26
1875,12099,4927,electronics,West,284.63,4,2023-03-30
1876,30369,1461,books,East,394.0,5,2023-06-20
1877,177968,3702,sports,West,444.21,3,2024-10-16
1878,115482,3643,apparel,West,362.64,1,2024-06-14
1879,79385,832,apparel,North,167.83,3,2023-03-15
1880,30400,788,toys,West,68.16,2,2023-10-08
1881,65606,3936,books,West,103.59,4,2023-07-13
1882,7642,1817,beauty,Central,401.94,5,2023-05-10
1883,198295,3398,books,East,285.16,5,2024-09-09
1884,116371,2008,grocery,East,411.87,5,2024-03-26
1885,131039,1749,beauty,Central,311.31,4,2023-05-12
1886,172431,4605,electronics,Central,47.34,5,2024-04-20
1887,73382,3508,books,Central,410.53,4,2023-10-29
1888,54309,4035,home,West,263.62,5,2023-02-14
1889,22966,2544,apparel,Central,51.56,3,2023-11-25
1890,73527,2470,home,North,160.48,2,2023-05-16
1891,96993,2011,apparel,Central,141.17,3,2023-06-29
1892,162191,1183,toys,Central,480.85,3,2024-10-03
1893,127171,775,beauty,South,49.78,1,2024-06-02
1894,19635,1175,electronics,West,126.33,5,2023-04-08
1895,112337,2154,home,West,77.1,5,2024-09-13
1896,46717,3480,apparel,South,267.96,2,2024-02-24
1897,46256,3205,sports,Central,95.01,5,2024-09-30
1898,153580,2657,apparel,East,231.87,4,2024-06-29
1899,20249,4904,home,East,133.12,1,2023-09-05
1900,22024,677,home,North,297.59,1,2024-01-26
1901,78423,3224,grocery,North,148.58,2,2024-01-23
1902,143537,3522,books,East,253.51,4,2024-06-09
1903,18094,2597,books,East,260.51,2,2023-07-01
1904,178627,269,grocery,East,155.49,2,2023-09-01
1905,73496,4997,toys,West,383.5,4,2023-06-28
1906,36804,1256,apparel,West,37.23,4,2023-08-05
1907,85455,1063,electronics,West,242.25,2,2023-04-28
1908,2112,2722,books,Central,263.35,2,2023-01-27
1909,56688,2654,toys,East,460.04,2,2024-11-17
1910,14402,62,books,South,113.81,2,2023-02-24
1911,137451,3041,toys,North,226.93,4,2024-10-10
1912,27940,1222,electronics,South,167.14,4,2023-01-03
1913,85096,658,electronics,South,372.93,5,2024-07-21
1914,70620,3367,grocery,East,70.27,1,2023-08-28
1915,4699,875,home,East,476.88,2,2024-01-13
1916,92704,2998,grocery,South,358.82,5,2023-07-26
1917,23902,1466,beauty,South,435.51,5,2023-12-25
1918,47936,2572,sports,South,277.7,5,2023-11-26
1919,126226,3668,grocery,North,291.14,2,2024-01-22
1920,131603,2991,toys,North,37.68,2,2023-10-15
1921,145996,4928,apparel,South,377.46,5,2024-01-27
1922,178938,4124,home,Central,109.45,3,2024-08-25
1923,91527,3021,electronics,South,150.99,5,2023-11-14
1924,128004,4922,beauty,North,211.57,5,2023-09-21
1925,24267,2314,sports,North,288.68,4,2023-04-07
1926,25629,3625,grocery,South,458.47,4,2023-09-20
1927,189684,4496,books,Central,495.09,2,2023-04-02
1928,94643,846,sports,West,390.61,4,2023-05-14
1929,58930,2124,books,East,5.85,1,2024-11-26
1930,19702,2651,apparel,South,329.53,3,2023-03-07
1931,26277,3575,beauty,North,265.9,5,2023-12-18
1932,20167,151,grocery,North,252.4,4,2024-09-01
1933,83432,618,sports,Central,449.34,2,2024-11-26
1934,51384,2459,electronics,East,259.92,1,2023-04-18
1935,140838,4859,books,West,433.92,1,2023-04-30
1936,91492,1946,electronics,South,425.17,3,2023-09-29
1937,12388,3132,toys,South,110.1,4,2024-02-09
1938,140465,731,beauty,North,339.85,2,2024-12-01
1939,166676,3723,toys,South,285.27,1,2023-06-01
1940,41627,2955,electronics,South,185.29,1,2023-05-01
1941,28537,1258,sports,North,498.0,5,2023-07-04
1942,156306,3448,electronics,East,303.18,2,2024-09-30
1943,38485,1296,apparel,South,353.94,4,2023-01-22
1944,192231,1189,toys,North,266.21,1,2023-10-05
1945,191836,4675,beauty,East,57.03,4,2023-03-28
1946,54535,346,beauty,East,98.13,1,2023-04-25
1947,53912,1503,home,East,235.25,5,2024-10-31
1948,136655,1487,grocery,Central,61.65,2,2023-01-02
1949,111942,3326,grocery,Central,404.66,5,2023-08-23
1950,165280,4851,books,South,227.3,2,2024-10-30
1951,4790,2084,toys,East,327.81,1,2024-03-19
1952,133932,552,home,North,229.98,3,2023-02-22
1953,162221,3208,grocery,South,223.23,3,2023-12-06
1954,73465,3538,home,North,335.25,4,2024-12-09
1955,141169,1363,grocery,South,41.1,4,2023-10-20
1956,16448,3673,home,West,384.58,1,2024-01-21
1957,79363,2378,apparel,East,59.13,5,2024-01-24
1958,28720,1951,grocery,North,76.23,3,2024-04-27
1959,157515,3252,books,West,66.23,3,2023-05-17
1960,47633,1111,beauty,West,387.03,1,2024-09-04
1961,1989,1778,beauty,West,387.3,3,2024-12-22
1962,160865,3722,apparel,North,389.96,4,2023-04-15
1963,37012,3033,home,South,317.19,2,2024-08-20
1964,91023,2106,beauty,Central,208.7,4,2024-08-19
1965,93222,3900,beauty,Central,145.68,1,2024-06-25
1966,87246,4923,electronics,Central,339.03,5,2023-09-28
1967,94407,3520,sports,Central,358.75,2,2023-12-09
1968,74412,3956,beauty,Central,440.02,3,2024-09-04
1969,90245,593,books,South,357.81,2,2023-04-22
1970,198561,119,electronics,South,226.94,4,2024-08-27
1971,112864,2236,books,South,119.01,2,2024-11-03
1972,80080,39,electronics,North,325.38,4,2024-05-12
1973,144806,4375,toys,North,275.33,2,2023-09-07
1974,96674,817,sports,South,90.95,2,2024-02-13
1975,22213,578,electronics,Central,9.78,3,2023-02-06
1976,41440,2796,toys,West,384.22,1,2024-11-11
1977,171043,1324,home,South,99.34,3,2023-09-07
1978,57099,1462,books,North,198.06,1,2023-02-11
1979,181939,4125,sports,East,47.57,5,2024-08-02
1980,107255,285,grocery,West,479.4,3,2024-04-25
1981,119274,1966,electronics,West,443.45,2,2024-03-30
1982,96574,2856,sports,North,138.08,1,2023-02-09
1983,138428,1548,beauty,Central,162.32,5,2024-07-02
1984,16684,3668,home,North,447.11,5,2024-04-10
1985,158981,3906,sports,West,496.67,2,2024-08-02
1986,87612,1462,sports,Central,462.53,2,2024-08-26
1987,160385,1028,electronics,South,394.45,4,2023-06-04
1988,124484,3763,books,West,240.54,5,2023-06-03
1989,62234,1235,grocery,North,119.75,1,2024-11-05
1990,2797,1364,books,South,181.51,1,2024-01-23
1991,50790,189,electronics,West,464.47,3,2023-11-16
1992,82972,3182,toys,West,113.65,2,2023-07-29
1993,33817,3709,electronics,North,477.86,1,2024-04-11
1994,61190,2503,electronics,Central,146.67,4,2024-07-04
1995,66996,3900,electronics,West,210.13,4,2023-01-02
1996,164182,2526,beauty,East,81.24,5,2024-02-08
1997,171006,2313,grocery,South,363.47,5,2024-12-26
1998,180912,3755,electronics,Central,201.43,3,2023-07-24
1999,171627,726,electronics,North,434.67,1,2023-07-25
